YEAR,WEEK,USER,TEAM,OPPONENT,HOME_AWAY,TEAM_SCORE,OPP_SCORE,RESULT,NOTES,off_total_ypp,off_pass_ypa,off_rush_ypa,off_points_per_play,off_first_down_rate,off_third_down_rate,off_red_zone_rate,off_burst_index,off_max_quarter_points,off_fast_start_signal,off_top_per_point,off_explosive_index,off_explosive_label,quick_strike_flag,aerial_nuke_flag,ground_blast_flag,sputtering_offense_flag,def_opp_ypp_allowed,def_opp_pass_ypa_allowed,def_opp_rush_ypa_allowed,def_opp_points_per_play,def_opp_first_down_rate,def_opp_third_down_rate,def_takeaways_forced,def_suppression_index,def_opp_max_quarter_points,def_opp_fast_start_signal,def_steel_curtain_index,def_steel_curtain_label,steel_curtain_flag,clamp_job_flag,wet_paper_bag_flag,shredded_by_air_flag,gashed_on_ground_flag,off_impact_overall_ypp,off_impact_pass_yards_per_att,off_impact_rush_yards_per_att,off_impact_points_per_play,off_impact_burst_index,off_impact_first_down_rate,off_impact_third_down_rate,off_impact_red_zone_rate,def_impact_opp_ypp_allowed,def_impact_opp_pass_yards_per_att,def_impact_opp_rush_yards_per_att,def_impact_opp_points_per_play,def_impact_suppression_index,def_impact_opp_first_down_rate,def_impact_opp_third_down_rate,def_impact_takeaways,off_rolling_3,def_rolling_3,off_trend_vs_prev,def_trend_vs_prev
2042,1,Devin,Bowling Green,Miami,HOME,56,28,W,#1 Bowling Green dominated #25 Miami 56-28; 596 total yards.,8.164,10.553,5.571,0.767,0.438,0.667,,21.0,21.0,12.25,0.44,100.0,Detonation Machine,False,True,False,False,8.702,8.765,8.538,0.596,0.383,0.167,1.0,0.0,14.0,1.75,3.28,Wet Paper Bag,False,False,False,False,False,20.027,9.835,6.311,12.215,7.936,3.46,4.445,0.0,-23.05,-4.85,-13.465,-7.436,0.0,-2.018,4.094,0.0,100.0,3.28,,
2042,1,Doug,Florida,Washington,HOME,56,21,W,#13 Florida dominated Washington 56-21; 454 total yards.,8.255,9.375,7.387,1.018,0.564,0.571,,21.0,21.0,29.75,0.46,100.0,Detonation Machine,False,False,True,False,7.118,7.139,7.067,0.412,0.353,0.5,4.0,0.0,14.0,-5.25,21.73,Wet Paper Bag,False,False,False,False,True,20.175,6.856,12.375,16.029,7.936,5.249,3.274,0.0,-19.696,1.439,-11.81,0.371,0.0,-1.086,-2.056,4.57,100.0,21.73,,
2042,1,Josh,USF,Hammond,AWAY,77,24,W,#4 USF dominated #14 Hammond 77-24; 850 total yards and 3 Hammond turnovers.,12.687,14.406,7.4,1.149,0.522,0.667,,35.0,35.0,59.5,0.28,100.0,Detonation Machine,True,True,True,False,9.333,10.625,-0.211,0.471,0.255,0.182,3.0,4.0,10.0,2.75,40.87,Wet Paper Bag,False,False,False,True,False,21.966,13.469,12.395,16.916,12.99,4.855,4.445,0.0,-23.49,-9.979,13.774,-2.264,3.338,2.08,3.914,3.497,100.0,40.87,,
2042,1,Mike,San Jose State,Stanford,HOME,71,61,W,#11 San Jose State beat Stanford 71-61.,10.26,16.429,4.579,0.973,0.452,0.727,,28.0,28.0,26.0,0.33,100.0,Detonation Machine,True,True,False,False,7.887,9.386,5.444,0.859,0.437,0.4,1.0,-23.0,37.0,39.75,0.0,Wet Paper Bag,False,False,True,False,False,21.695,13.831,-0.147,15.583,11.415,3.752,4.943,0.0,-21.906,-6.891,-5.583,-14.395,-11.134,-3.421,0.0,0.0,100.0,0.0,,
2042,1,Nick,Florida State,North Carolina,HOME,56,35,W,#16 Florida State handled North Carolina 56-35.,6.975,7.83,5.794,0.691,0.432,0.25,,21.0,21.0,19.75,0.46,94.01,Detonation Machine,False,False,False,False,6.905,9.085,-0.5,0.556,0.365,0.5,0.0,0.0,14.0,17.5,27.77,Wet Paper Bag,False,False,True,False,False,16.65,1.315,7.489,10.243,7.936,3.318,-2.938,0.0,-18.786,-5.94,13.83,-5.877,0.0,-1.472,-2.056,-1.929,94.01,27.77,,
2042,1,Noah,Texas Tech,Georgia Tech,AWAY,48,10,W,#2 Texas Tech dominated #19 Georgia Tech 48-10; 473 total yards.,9.096,11.0,7.464,0.923,0.442,0.625,,14.0,14.0,14.25,0.4,100.0,Detonation Machine,True,False,True,False,6.155,9.722,0.318,0.172,0.293,0.583,2.0,7.0,7.0,1.25,56.42,Bend Don’t Break,False,False,False,False,False,21.132,10.662,12.489,14.994,1.987,3.547,3.996,0.0,-14.159,-7.86,13.618,9.907,5.545,0.89,-3.449,1.929,100.0,56.42,,
2042,2,Devin,Bowling Green,Penn State,AWAY,49,21,W,Bowling Green dominated Penn State 49-21; Penn State had 1 interception and 0 fourth-quarter points.,7.784,10.355,5.628,0.662,0.405,0.429,0.5,14.0,14.0,22.75,0.58,97.41,Detonation Machine,False,True,False,False,9.273,9.97,4.182,0.477,0.386,0.286,1.0,7.0,7.0,12.25,24.11,Wet Paper Bag,False,False,False,False,False,19.262,9.418,6.622,9.363,1.987,2.651,0.61,-2.504,-23.458,-8.511,2.885,-2.56,5.545,-2.117,2.321,0.0,98.7,13.7,-2.59,20.83
2042,2,Doug,Florida,NC State,HOME,43,26,W,Florida dominated NC State 43-26 behind 542 total yards and 34 first downs.,6.53,6.884,6.15,0.518,0.41,0.364,0.66,16.0,16.0,18.0,0.63,80.58,Missile Battery,False,False,False,False,5.596,8.054,1.05,0.456,0.193,0.308,0.0,-5.0,19.0,2.25,49.83,Leaky,False,False,False,False,False,14.44,-2.44,9.098,4.128,3.895,2.763,-0.775,-0.532,-9.083,-2.198,13.218,-1.622,-4.112,3.648,1.909,-1.929,90.29,35.78,-19.42,28.1
2042,2,Josh,USF,Arkansas,HOME,56,16,W,USF (ranked 6) routed Arkansas 56-16; USF scored 21 points in the 2nd quarter and totaled 668 yards.,10.138,15.269,5.969,0.966,0.534,0.857,1.0,21.0,21.0,21.0,0.38,100.0,Detonation Machine,True,True,False,False,5.358,6.378,4.1,0.239,0.224,0.474,0.0,7.0,7.0,3.5,63.88,Bend Don’t Break,False,False,False,False,False,21.659,13.673,8.321,15.506,7.936,4.986,5.559,3.497,-6.53,4.339,3.429,7.638,5.545,2.931,-1.543,-1.929,100.0,52.38,0.0,23.01
2042,2,Mike,San Jose State,Texas,AWAY,38,37,W,San Jose State edged Texas 38-37 on the road.,8.342,8.5,4.675,0.5,0.368,0.357,0.66,14.0,14.0,16.75,0.7,80.24,Missile Battery,False,False,False,False,7.105,8.972,3.905,0.649,0.368,0.667,0.0,0.0,14.0,10.75,12.2,Wet Paper Bag,False,False,True,False,False,20.31,3.895,0.525,3.388,1.987,1.576,-0.911,-0.532,-19.647,-5.565,4.68,-9.314,0.0,-1.576,-4.445,-1.929,90.12,6.1,-19.76,12.2
2042,2,Nick,Florida State,Nebraska,AWAY,21,43,L,Nebraska defeated #14 Florida State 43-21 behind 5 Florida State turnovers.,6.716,6.178,4.818,0.313,0.299,0.1,1.0,7.0,7.0,12.25,0.93,50.69,Methodical,False,False,False,False,6.396,10.222,1.192,0.811,0.302,0.273,1.0,-0.0,14.0,19.25,27.68,Wet Paper Bag,False,False,True,False,False,15.443,-5.051,1.521,-4.472,-4.798,-0.713,-4.74,3.497,-15.912,-9.12,13.102,-13.542,-0.0,0.602,2.554,0.0,72.35,27.72,-43.32,-0.09
2042,2,Noah,Texas Tech,TCU,HOME,36,13,W,Texas Tech dominates TCU 36-13 behind 469 total yards and 193 rushing yards.,7.565,8.118,6.893,0.581,0.371,0.4,0.85,12.0,12.0,12.25,0.51,92.73,Detonation Machine,True,False,True,False,4.233,5.811,1.696,0.217,0.233,0.154,1.0,7.0,7.0,0.5,96.35,Steel Curtain,True,True,False,False,False,18.703,2.445,11.432,6.568,0.0,1.655,0.0,1.929,6.624,6.277,12.546,8.436,5.545,2.685,4.236,0.0,96.36,76.38,-7.27,39.93
2042,3,Devin,Bowling Green,Toledo,AWAY,77,10,W,Bowling Green dominated 77-10; 678 total yards and 7 red-zone TDs.,10.119,10.116,9.708,1.149,0.493,0.375,0.63,35.0,35.0,24.5,0.28,100.0,Detonation Machine,True,True,True,False,6.459,5.973,2.25,0.164,0.262,0.214,3.0,7.0,7.0,6.25,75.54,Clamp Unit,False,False,False,False,False,21.653,8.871,13.832,16.916,12.99,4.462,-0.534,-0.926,-16.325,5.748,11.562,10.17,5.545,1.86,3.483,3.497,99.14,34.31,2.59,51.43
2042,3,Josh,USF,Oklahoma,HOME,49,0,W,USF shut out Oklahoma 49-0; Oklahoma had 1 turnover and 0 red zone scores.,8.5,9.562,5.467,0.79,0.468,0.636,0.5,14.0,14.0,22.75,0.4,100.0,Detonation Machine,True,False,False,False,5.566,4.906,2.619,0.0,0.189,0.357,1.0,14.0,0.0,0.0,88.51,Steel Curtain,True,False,False,False,False,20.528,7.411,5.713,12.731,1.987,4.053,4.128,-2.504,-8.768,8.817,10.606,14.073,9.139,3.737,0.911,0.0,100.0,64.42,0.0,24.63
2042,3,Mike,San Jose State,Auburn,HOME,34,19,W,San Jose State dominated with 588 total yards and 5 red-zone touchdowns; Auburn had 0 turnovers but was outgained badly.,7.636,8.5,4.867,0.442,0.403,0.714,0.83,13.0,13.0,9.0,0.72,85.68,Detonation Machine,False,False,False,False,6.958,7.703,4.455,0.396,0.333,0.455,0.0,4.0,10.0,6.5,32.07,Wet Paper Bag,False,False,False,False,False,18.896,3.895,1.856,0.923,0.998,2.575,4.851,1.687,-19.029,-0.81,1.016,1.086,3.338,-0.444,-1.154,-1.929,88.64,14.76,5.44,19.87
2042,3,Noah,Texas Tech,Tennessee,AWAY,52,10,W,"Texas Tech dominated after falling behind 10-7, scoring 45 unanswered points.",9.735,8.944,10.194,1.061,0.531,0.6,0.62,24.0,24.0,25.75,0.35,100.0,Detonation Machine,True,False,True,False,5.0,5.933,3.833,0.185,0.278,0.417,2.0,4.0,10.0,10.0,74.4,Vice Grip,False,False,False,False,False,21.51,5.471,13.896,16.378,9.727,4.946,3.68,-1.056,-2.392,5.879,5.118,9.5,3.338,1.382,-0.357,1.929,97.58,75.72,7.27,-21.95
2042,4,Devin,Bowling Green,Kentucky,HOME,69,10,W,#2 Bowling Green dominated Kentucky 69-10; 760 total yards and 2 Kentucky turnovers.,11.343,13.25,4.675,1.03,0.552,0.667,,27.0,27.0,26.5,0.35,100.0,Detonation Machine,True,True,False,False,5.867,3.962,4.675,0.222,0.133,0.231,2.0,7.0,7.0,6.25,72.11,Vice Grip,False,False,False,False,False,21.885,12.99,0.525,16.13,11.06,5.155,4.445,0.0,-11.71,10.726,-0.525,8.239,5.545,4.66,3.241,1.929,99.14,57.25,0.0,-3.43
2042,4,Doug,Florida,Texas,HOME,38,35,W,#14 Florida edged #9 Texas 38-35; 535 total yards.,6.948,9.108,4.95,0.494,0.442,0.556,,14.0,14.0,8.0,0.77,86.64,Detonation Machine,False,False,False,False,9.863,10.879,8.0,0.686,0.471,0.625,1.0,0.0,14.0,8.75,0.0,Wet Paper Bag,False,False,True,True,False,16.533,6.015,2.425,3.119,1.987,3.531,3.028,0.0,-23.698,-10.453,-13.096,-10.478,0.0,-4.104,-3.996,0.0,89.07,23.85,6.06,-49.83
2042,4,Josh,USF,San Jose State,AWAY,23,28,L,#3 San Jose State defeated #6 USF 28-23; 379 total yards.,7.981,11.0,5.483,0.434,0.377,0.5,,14.0,14.0,15.5,0.72,92.65,Detonation Machine,False,False,False,False,7.019,11.333,2.704,0.519,0.37,0.636,0.0,7.0,7.0,10.5,23.38,Wet Paper Bag,False,False,False,True,False,19.688,10.662,5.807,0.598,1.987,1.85,2.056,0.0,-19.291,-11.183,10.345,-4.346,5.545,-1.637,-4.128,-1.929,97.55,58.59,-7.35,-65.13
2042,4,Mike,San Jose State,USF,HOME,28,23,W,#3 San Jose State defeated #6 USF 28-23; 379 total yards.,7.019,11.333,2.704,0.519,0.37,0.636,,7.0,7.0,10.5,0.83,72.78,Strike Force,False,True,False,False,7.981,11.0,5.483,0.434,0.377,0.5,1.0,0.0,14.0,15.5,6.91,Wet Paper Bag,False,False,False,False,False,16.832,11.183,-10.345,4.146,-4.798,1.637,4.128,0.0,-22.086,-10.662,-5.807,-0.628,0.0,-1.85,-2.056,0.0,79.57,17.06,-12.9,-25.16
2042,4,Nick,Florida State,South Carolina,AWAY,56,19,W,#15 Florida State dominated South Carolina 56-19; 638 total yards.,7.506,7.457,7.564,0.659,0.482,0.75,,21.0,21.0,21.0,0.62,100.0,Detonation Machine,False,False,True,False,3.69,5.027,1.333,0.328,0.172,0.143,0.0,4.0,10.0,7.75,97.49,Steel Curtain,True,True,False,False,False,18.536,-0.174,12.626,9.258,7.936,4.304,5.09,0.0,12.105,8.519,12.971,4.086,3.338,4.05,4.351,-1.929,81.57,50.98,49.31,69.81
2042,4,Noah,Texas Tech,Oregon,HOME,45,21,W,#4 Texas Tech dominated #10 Oregon 45-21; 545 total yards and 3 Oregon turnovers.,9.083,12.027,4.348,0.75,0.567,0.667,,21.0,21.0,23.75,0.45,100.0,Detonation Machine,True,True,False,False,6.182,7.704,4.714,0.382,0.345,0.3,3.0,7.0,7.0,12.25,45.99,Leaky,False,False,False,False,False,21.122,12.04,-1.756,11.808,7.936,5.273,4.445,0.0,-14.366,-0.814,-0.799,1.713,5.545,-0.843,2.056,3.497,97.58,72.25,0.0,-28.41
2042,5,Devin,Bowling Green,Florida,HOME,56,38,W,#3 Bowling Green handled #8 Florida 56-38; 586 total yards.,11.269,14.621,7.043,1.077,0.577,1.0,,21.0,21.0,12.25,0.33,100.0,Detonation Machine,True,True,True,False,8.738,7.643,9.568,0.585,0.431,0.0,2.0,0.0,14.0,8.0,9.51,Wet Paper Bag,False,False,True,False,True,21.878,13.529,11.762,16.489,7.936,5.347,5.837,0.0,-23.083,-0.571,-13.806,-7.016,0.0,-3.287,5.348,1.929,100.0,52.39,0.0,-62.6
2042,5,Doug,Florida,Bowling Green,AWAY,38,56,L,#3 Bowling Green handled #8 Florida 56-38; 586 total yards.,8.738,7.643,9.568,0.585,0.431,0.0,,14.0,14.0,8.0,0.57,91.83,Detonation Machine,True,False,True,False,11.269,14.621,7.043,1.077,0.577,1.0,1.0,-7.0,21.0,12.25,0.0,Wet Paper Bag,False,False,True,True,True,20.807,0.571,13.806,6.715,1.987,3.287,-5.348,0.0,-23.926,-13.529,-11.762,-16.7,-5.545,-5.347,-5.837,0.0,86.35,16.61,5.19,0.0
2042,5,Mike,San Jose State,Washington,AWAY,36,57,L,Washington handled San Jose State 57-36; 515 total yards.,6.193,7.296,4.138,0.434,0.325,0.333,,15.0,15.0,8.5,0.63,60.65,Capable,True,False,False,False,7.923,12.886,2.133,0.877,0.385,0.4,0.0,-6.0,20.0,10.75,3.55,Wet Paper Bag,False,False,True,True,False,12.324,-0.814,-3.178,0.588,2.955,0.177,-1.402,0.0,-21.976,-12.767,11.81,-14.673,-4.85,-2.066,0.0,-1.929,73.04,14.18,-12.13,-3.36
2042,5,Nick,Florida State,Auburn,HOME,35,47,L,#17 Auburn beat #12 Florida State 47-35; 404 total yards and 4 Florida State turnovers.,7.667,10.1,4.886,0.467,0.36,0.6,,14.0,14.0,8.75,0.6,88.76,Detonation Machine,True,False,False,False,8.08,11.69,3.095,0.94,0.36,0.7,2.0,-2.0,16.0,18.25,3.66,Wet Paper Bag,False,False,True,False,False,18.975,8.832,1.987,1.992,1.987,1.312,3.68,0.0,-22.259,-11.659,8.912,-15.511,-1.703,-1.312,-4.74,1.929,79.82,42.94,-11.24,-93.83
2042,5,Noah,Texas Tech,USC,HOME,48,21,W,Texas Tech dominated USC 48-21; 645 total yards and 2 USC turnovers.,11.316,12.185,5.233,0.842,0.404,0.75,,21.0,21.0,26.75,0.43,100.0,Detonation Machine,True,True,False,False,10.84,9.636,3.353,0.42,0.34,0.5,2.0,0.0,14.0,3.5,25.45,Wet Paper Bag,False,False,False,False,False,21.883,12.199,4.291,13.746,7.936,2.6,5.09,0.0,-23.886,-7.622,7.75,0.0,0.0,-0.664,-2.056,1.929,100.0,48.61,0.0,-20.54
2042,6,Devin,Bowling Green,Missouri,HOME,42,24,W,#1 Bowling Green handled Missouri 42-24; 496 total yards.,9.185,12.367,5.208,0.778,0.5,0.571,,21.0,21.0,24.5,0.46,100.0,Detonation Machine,True,True,False,False,6.037,8.784,0.059,0.444,0.315,0.5,1.0,7.0,7.0,11.5,48.15,Leaky,False,False,False,False,False,21.198,12.366,4.132,12.457,7.936,4.57,3.274,0.0,-13.202,-4.917,13.705,-1.099,5.545,0.173,-2.056,0.0,100.0,43.26,0.0,38.64
2042,6,Doug,Florida,Oklahoma State,HOME,56,49,W,#12 Florida defeated #17 Oklahoma State 56-49; 760 total yards.,11.692,13.946,4.536,0.862,0.508,0.667,,21.0,21.0,21.0,0.39,100.0,Detonation Machine,True,True,False,False,12.148,14.229,2.632,0.907,0.463,0.571,0.0,-7.0,21.0,14.0,0.0,Wet Paper Bag,False,False,True,True,False,21.917,13.313,-0.45,14.081,7.936,4.674,4.445,0.0,-23.969,-13.414,10.568,-15.106,-5.545,-3.965,-3.274,-1.929,92.82,0.0,8.17,0.0
2042,6,Josh,USF,Indiana,HOME,77,14,W,#9 USF dominated Indiana 77-14; 798 total yards and 2 Indiana turnovers.,11.083,13.333,7.69,1.069,0.542,0.9,,28.0,28.0,33.25,0.34,100.0,Detonation Machine,False,True,True,False,8.118,5.621,5.909,0.275,0.216,0.333,2.0,0.0,14.0,14.0,39.24,Wet Paper Bag,False,False,False,False,True,21.855,13.036,12.782,16.437,11.415,5.058,5.672,0.0,-22.321,6.869,-8.046,6.273,0.0,3.134,1.402,1.929,97.55,50.38,7.35,15.86
2042,6,Mike,San Jose State,USC,AWAY,52,35,W,#10 San Jose State handled #21 USC 52-35; 568 total yards.,8.353,9.186,6.92,0.765,0.5,0.889,,21.0,21.0,22.0,0.42,100.0,Detonation Machine,True,False,True,False,7.464,7.459,7.474,0.625,0.357,0.636,2.0,-7.0,21.0,8.75,0.0,Wet Paper Bag,False,False,True,False,True,20.326,6.267,11.495,12.158,7.936,4.57,5.646,0.0,-20.875,0.162,-12.503,-8.494,-5.545,-1.221,-4.128,1.929,77.81,3.49,39.35,-3.55
2042,6,Nick,Florida State,Georgia,HOME,63,53,W,#23 Florida State beat #6 Georgia 63-53; 664 total yards.,9.623,12.583,2.857,0.913,0.391,0.636,,28.0,28.0,10.5,0.32,100.0,Detonation Machine,True,True,False,False,7.679,10.712,2.241,0.654,0.321,0.562,0.0,-7.0,21.0,8.0,9.86,Wet Paper Bag,False,False,True,True,False,21.458,12.546,-9.829,14.859,11.415,2.26,4.128,0.0,-21.446,-10.147,11.581,-9.484,-5.545,-0.033,-3.138,-1.929,96.25,37.0,11.24,6.2
2042,6,Noah,Texas Tech,Purdue,AWAY,60,26,W,#3 Texas Tech dominated Purdue 60-26; 576 total yards.,11.077,9.5,12.917,1.154,0.462,0.5,,21.0,21.0,28.75,0.29,100.0,Detonation Machine,True,False,True,False,6.635,8.667,3.969,0.351,0.311,0.4,1.0,2.0,12.0,17.25,37.45,Wet Paper Bag,False,False,False,False,False,21.854,7.23,13.993,16.939,7.936,3.938,2.056,0.0,-17.394,-4.501,4.278,3.059,1.703,0.306,0.0,0.0,100.0,36.3,0.0,12.0
2042,7,Devin,Bowling Green,South Carolina,AWAY,49,0,W,#1 Bowling Green dominated South Carolina 49-0; 641 total yards.,9.567,8.826,9.571,0.731,0.463,0.727,,21.0,21.0,14.0,0.45,100.0,Detonation Machine,True,False,True,False,4.269,4.148,1.64,0.0,0.173,0.231,1.0,14.0,0.0,0.0,100.0,Steel Curtain,True,True,False,False,False,21.43,5.064,13.807,11.339,7.936,3.96,4.943,0.0,6.224,10.405,12.621,14.073,9.139,4.038,3.241,0.0,100.0,52.55,0.0,51.85
2042,7,Doug,Florida,Ole Miss,AWAY,41,45,L,#5 Ole Miss defeated #12 Florida 45-41.,7.231,8.326,5.656,0.526,0.436,0.667,,14.0,14.0,16.0,0.64,91.94,Detonation Machine,False,False,False,False,11.477,16.5,4.222,1.023,0.432,0.5,0.0,-3.0,17.0,18.75,0.0,Wet Paper Bag,False,False,True,True,False,17.65,3.244,6.775,4.434,1.987,3.405,4.445,0.0,-23.94,-13.837,2.613,-16.315,-2.533,-3.312,-2.056,-1.929,94.59,0.0,-8.06,0.0
2042,7,Josh,USF,Nebraska,AWAY,56,31,W,#8 USF dominated #6 Nebraska 56-31; 506 total yards.,8.576,11.967,5.069,0.949,0.508,0.778,,14.0,14.0,21.0,0.36,100.0,Detonation Machine,True,True,False,False,8.98,11.743,2.533,0.62,0.42,0.5,1.0,0.0,14.0,13.5,12.45,Wet Paper Bag,False,False,True,True,False,20.624,11.977,3.224,15.319,1.987,4.684,5.243,0.0,-23.277,-11.723,10.853,-8.318,0.0,-3.028,-2.056,0.0,97.55,25.02,0.0,-26.79
2042,7,Mike,San Jose State,Indiana,HOME,59,36,W,#9 San Jose State dominated Indiana 59-36; 699 total yards and 2 Indiana turnovers.,10.13,10.021,2.81,0.855,0.377,0.462,,24.0,24.0,11.5,0.38,97.13,Detonation Machine,True,True,False,False,6.311,8.804,0.043,0.486,0.324,0.385,2.0,-1.0,15.0,8.5,41.7,Wet Paper Bag,False,False,True,False,False,21.657,8.639,-9.996,13.973,9.727,1.833,1.298,0.0,-15.321,-4.987,13.709,-2.965,-0.856,-0.144,0.329,1.929,85.93,15.08,-2.87,41.7
2042,7,Nick,Florida State,Miami,AWAY,21,14,W,#19 Florida State defeated #23 Miami 21-14; 386 total yards.,5.761,7.179,4.051,0.313,0.343,0.333,,7.0,7.0,12.25,1.03,44.11,Sparkless,False,False,False,True,6.458,8.828,1.053,0.292,0.312,0.286,0.0,6.0,8.0,0.25,52.9,Leaky,False,False,False,False,False,9.044,-1.282,-3.747,-4.472,-4.798,0.772,-1.402,0.0,-16.321,-5.07,13.216,5.585,4.85,0.25,2.321,-1.929,77.62,22.14,-55.89,43.04
2042,7,Noah,Texas Tech,Penn State,HOME,59,24,W,#2 Texas Tech dominated Penn State 59-24; 802 total yards and 3 Penn State turnovers.,11.296,13.0,6.083,0.831,0.479,0.222,,21.0,21.0,15.25,0.42,100.0,Detonation Machine,False,True,False,False,9.596,8.065,6.346,0.421,0.333,0.5,3.0,4.0,10.0,6.5,18.6,Wet Paper Bag,False,False,False,False,False,21.88,12.842,8.822,13.544,7.936,4.246,-3.369,0.0,-23.607,-2.239,-9.841,-0.047,3.338,-0.444,-2.056,3.497,100.0,27.17,0.0,-18.85
2042,8,Devin,Bowling Green,Notre Dame,HOME,44,36,W,#1 Bowling Green beat #4 Notre Dame 44-36; 568 total yards.,8.114,9.255,5.783,0.629,0.414,0.5,,16.0,16.0,15.25,0.52,100.0,Detonation Machine,True,False,False,False,6.957,9.552,2.529,0.783,0.413,0.286,0.0,0.0,14.0,8.5,19.05,Wet Paper Bag,False,False,True,True,False,19.939,6.486,7.432,8.27,3.895,2.884,2.056,0.0,-19.021,-7.38,10.864,-12.95,0.0,-2.852,2.321,-1.929,100.0,55.73,0.0,-80.95
2042,8,Doug,Florida,Tennessee,AWAY,38,23,W,#13 Florida handled Tennessee 38-23; 472 total yards.,6.051,6.6,5.474,0.487,0.385,0.533,,24.0,24.0,8.0,0.7,80.86,Missile Battery,False,False,False,False,6.815,10.371,0.263,0.426,0.259,0.571,0.0,0.0,14.0,-2.0,32.31,Wet Paper Bag,False,False,False,True,False,11.318,-3.523,5.754,2.855,9.727,2.066,2.659,0.0,-18.353,-9.454,13.639,-0.267,0.0,1.951,-3.274,-1.929,90.93,10.77,-11.08,32.31
2042,8,Josh,USF,Michigan,HOME,52,14,W,#4 USF dominated Michigan 52-14; 614 total yards and 3 Michigan turnovers.,9.029,10.973,4.581,0.765,0.441,0.5,,21.0,21.0,8.25,0.44,100.0,Detonation Machine,True,True,False,False,8.106,9.619,4.769,0.298,0.255,0.333,3.0,7.0,7.0,5.25,36.79,Wet Paper Bag,False,False,False,False,False,21.079,10.617,-0.135,12.158,7.936,3.522,2.056,0.0,-22.303,-7.573,-1.182,5.331,5.545,2.068,1.402,3.497,100.0,29.49,0.0,24.34
2042,8,Mike,San Jose State,Texas Tech,HOME,31,35,L,#2 Texas Tech defeated #6 San Jose State 35-31; 329 total yards.,7.319,8.974,5.167,0.449,0.406,0.556,,14.0,14.0,18.5,0.87,86.32,Detonation Machine,False,False,False,False,7.651,9.087,6.0,0.814,0.326,0.429,1.0,-7.0,21.0,17.5,0.0,Wet Paper Bag,False,False,True,False,False,17.953,5.572,3.864,1.253,1.987,2.661,3.028,0.0,-21.378,-5.946,-8.461,-13.593,-5.545,-0.186,-0.61,0.0,94.48,13.9,-10.81,-41.7
2042,8,Nick,Florida State,Oklahoma,AWAY,58,10,W,#18 Florida State dominated Oklahoma 58-10.,9.092,11.091,6.344,0.763,0.513,0.556,,23.0,23.0,20.5,0.45,100.0,Detonation Machine,False,True,False,False,3.6,6.111,0.652,0.2,0.18,0.385,0.0,7.0,7.0,6.25,98.5,Steel Curtain,True,True,False,False,False,21.129,10.812,9.833,12.122,9.184,4.744,3.028,0.0,12.889,5.281,13.47,9.009,5.545,3.909,0.329,-1.929,81.37,53.75,55.89,45.6
2042,8,Noah,Texas Tech,San Jose State,AWAY,35,31,W,#2 Texas Tech defeated #6 San Jose State 35-31; 329 total yards.,7.651,9.087,6.0,0.814,0.326,0.429,,21.0,21.0,17.5,0.37,100.0,Detonation Machine,True,False,False,False,7.319,8.974,5.167,0.449,0.406,0.556,4.0,0.0,14.0,18.5,17.71,Wet Paper Bag,False,False,True,False,False,18.935,5.946,8.461,13.217,7.936,0.186,0.61,0.0,-20.422,-5.572,-3.864,-1.315,0.0,-2.661,-3.028,4.57,100.0,24.59,0.0,-0.89
2042,9,Devin,Bowling Green,Oklahoma,HOME,35,28,W,#1 Bowling Green defeated Oklahoma 35-28; 510 total yards.,7.727,8.122,7.08,0.53,0.364,0.571,,21.0,21.0,26.25,0.52,100.0,Detonation Machine,True,False,False,False,7.032,9.091,4.767,0.444,0.413,0.667,1.0,0.0,14.0,0.5,15.14,Wet Paper Bag,False,False,False,False,False,19.127,2.462,11.836,4.622,7.936,1.427,3.274,0.0,-19.347,-5.959,-1.164,-1.099,0.0,-2.843,-4.445,0.0,100.0,44.73,0.0,-3.91
2042,9,Doug,Florida,Alabama,HOME,31,20,W,#12 Florida beat Alabama 31-20; 389 total yards.,5.985,5.345,6.5,0.477,0.4,0.545,,14.0,14.0,4.75,0.77,73.28,Strike Force,False,False,True,False,4.789,9.429,2.083,0.351,0.246,0.571,0.0,4.0,10.0,16.25,58.58,Bend Don’t Break,False,False,False,False,False,10.82,-7.674,10.357,2.425,1.987,2.504,2.864,0.0,0.126,-7.018,11.908,3.08,3.338,2.347,-3.274,-1.929,82.03,30.3,-7.58,26.27
2042,9,Josh,USF,Michigan State,AWAY,56,19,W,#4 USF dominated Michigan State 56-19; 602 total yards.,8.985,9.444,6.871,0.836,0.522,0.857,,21.0,21.0,21.0,0.42,100.0,Detonation Machine,True,False,True,False,7.875,7.161,3.12,0.339,0.214,0.25,0.0,4.0,10.0,11.5,49.38,Leaky,False,False,False,False,False,21.042,7.065,11.38,13.633,7.936,4.855,5.559,0.0,-21.881,1.351,8.808,3.584,3.338,3.168,2.938,-1.929,100.0,32.87,0.0,12.59
2042,9,Mike,San Jose State,Nebraska,AWAY,37,52,L,#15 Nebraska handled #11 San Jose State 52-37; 572 total yards and 2 San Jose State turnovers.,8.275,8.967,1.8,0.407,0.418,0.625,,14.0,14.0,10.75,0.71,71.74,Strike Force,False,False,False,False,12.435,17.385,6.0,1.13,0.457,0.75,0.0,-10.0,24.0,22.0,0.0,Wet Paper Bag,False,False,True,True,True,20.207,5.548,-12.395,-0.574,1.987,2.968,3.996,0.0,-23.977,-13.902,-8.461,-16.997,-7.36,-3.841,-5.09,-1.929,85.06,13.9,-14.58,0.0
2042,9,Noah,Texas Tech,Ohio State,AWAY,49,35,W,#2 Texas Tech beat #19 Ohio State 49-35; 4 Ohio State turnovers.,8.873,10.083,7.629,0.69,0.479,0.727,,21.0,21.0,22.75,0.44,100.0,Detonation Machine,True,True,True,False,10.52,16.267,1.9,0.7,0.42,0.714,4.0,0.0,14.0,26.25,10.39,Wet Paper Bag,False,False,True,True,False,20.941,8.792,12.708,10.207,7.936,4.246,4.943,0.0,-23.843,-13.814,12.237,-10.879,0.0,-3.028,-4.851,4.57,100.0,15.57,0.0,-7.32
2042,10,Devin,Bowling Green,Georgia,AWAY,42,17,W,#1 Bowling Green dominated #17 Georgia 42-17; 527 total yards.,7.866,7.062,8.6,0.627,0.418,0.538,,21.0,21.0,15.75,0.56,100.0,Detonation Machine,True,False,True,False,6.267,10.8,0.6,0.378,0.311,0.4,1.0,0.0,14.0,17.0,40.37,Wet Paper Bag,False,False,False,False,False,19.447,-1.741,13.496,8.212,7.936,2.976,2.747,0.0,-15.002,-10.311,13.496,1.893,0.0,0.296,0.0,0.0,100.0,24.85,0.0,25.23
2042,10,Doug,Florida,Iowa,AWAY,42,3,W,#12 Florida dominated Iowa 42-3; 579 total yards.,8.271,10.088,6.556,0.6,0.4,0.462,,14.0,14.0,24.5,0.64,100.0,Detonation Machine,False,True,True,False,3.44,4.448,2.048,0.06,0.22,0.182,1.0,11.0,3.0,3.0,100.0,Steel Curtain,True,True,False,False,False,20.202,8.804,10.529,7.274,1.987,2.504,1.298,0.0,14.196,9.833,11.977,12.893,7.872,3.028,3.914,0.0,84.71,63.63,26.72,41.42
2042,10,Josh,USF,Texas Tech,AWAY,21,42,L,#2 Texas Tech handled #4 USF 42-21; 392 total yards and 2 USF turnovers.,8.793,6.412,5.208,0.362,0.362,0.4,,14.0,14.0,14.0,0.89,71.67,Strike Force,False,False,False,False,14.0,16.579,1.667,1.5,0.536,0.75,0.0,-7.0,21.0,35.0,0.0,Wet Paper Bag,False,False,True,True,False,20.864,-4.218,4.132,-2.467,1.987,1.377,0.0,0.0,-23.995,-13.845,12.585,-17.838,-5.545,-4.999,-5.09,-1.929,90.56,28.72,-28.33,-49.38
2042,10,Mike,San Jose State,Michigan,HOME,30,27,W,#24 San Jose State edged #20 Michigan 30-27; 432 total yards.,6.0,7.125,4.594,0.417,0.403,0.692,,14.0,14.0,10.0,0.77,68.5,Strike Force,False,False,False,False,5.591,7.231,3.222,0.614,0.295,0.444,0.0,0.0,14.0,10.75,40.26,Wet Paper Bag,False,False,False,False,False,10.936,-1.494,-0.044,-0.143,1.987,2.58,4.677,0.0,-9.025,1.075,8.362,-8.091,0.0,0.813,-0.944,-1.929,75.52,13.42,-3.24,40.26
2042,10,Nick,Florida State,Ole Miss,HOME,56,17,W,#7 Florida State dominated #9 Ole Miss 56-17; 479 total yards and 3 Ole Miss turnovers.,6.746,6.974,5.545,0.789,0.437,0.714,,21.0,21.0,21.0,0.39,98.57,Detonation Machine,True,False,False,False,8.913,9.679,1.556,0.37,0.304,0.7,3.0,7.0,7.0,8.25,38.84,Wet Paper Bag,False,False,False,False,False,15.594,-2.09,6.166,12.697,7.936,3.421,4.851,0.0,-23.227,-7.74,12.727,2.258,5.545,0.52,-4.74,3.497,80.89,63.41,-1.43,-59.66
2042,10,Noah,Texas Tech,USF,HOME,42,21,W,#2 Texas Tech handled #4 USF 42-21; 392 total yards and 2 USF turnovers.,14.0,16.579,1.667,1.5,0.536,0.75,,21.0,21.0,35.0,0.23,100.0,Detonation Machine,True,True,False,False,8.793,6.412,5.208,0.362,0.362,0.4,2.0,0.0,14.0,14.0,30.1,Wet Paper Bag,False,False,False,False,False,21.99,13.845,-12.585,17.791,7.936,4.999,5.09,0.0,-23.131,4.218,-4.132,2.589,0.0,-1.377,0.0,1.929,100.0,19.4,0.0,19.71
2042,11,Doug,Florida,LSU,AWAY,48,17,W,#6 Florida dominated #22 LSU 48-17; 571 total yards.,10.574,5.964,10.923,0.889,0.352,0.333,,18.0,18.0,16.75,0.38,99.76,Detonation Machine,True,False,True,False,6.841,5.791,1.75,0.27,0.286,0.429,1.0,0.0,14.0,-0.5,57.3,Bend Don’t Break,False,False,False,False,False,21.77,-5.777,13.95,14.514,5.658,1.051,-1.402,0.0,-18.483,6.341,12.469,6.457,0.0,1.129,-0.61,0.0,91.01,71.96,-0.24,-42.7
2042,11,Josh,USF,Minnesota,HOME,49,10,W,#11 USF dominated Minnesota 49-10; 645 total yards.,8.165,8.833,7.405,0.62,0.392,0.417,,21.0,21.0,31.5,0.56,100.0,Detonation Machine,False,False,True,False,4.167,4.3,3.944,0.208,0.167,0.25,1.0,7.0,7.0,10.0,93.27,Steel Curtain,True,True,False,False,False,20.027,5.089,12.403,7.986,7.936,2.291,0.357,0.0,7.356,10.125,4.431,8.725,5.545,4.152,2.938,0.0,90.56,47.55,28.33,93.27
2042,11,Mike,San Jose State,Wisconsin,AWAY,66,9,W,#21 San Jose State dominated Wisconsin 66-9; 636 total yards.,11.778,13.077,8.25,1.222,0.481,0.714,,31.0,31.0,9.75,0.25,100.0,Detonation Machine,True,True,True,False,4.222,5.333,2.417,0.143,0.27,0.286,1.0,8.0,6.0,5.25,96.56,Steel Curtain,True,True,False,False,False,21.923,12.889,13.291,17.228,12.26,4.289,4.851,0.0,6.747,7.707,11.165,10.797,6.197,1.63,2.321,0.0,80.08,45.61,31.5,56.3
2042,11,Noah,Texas Tech,Iowa,HOME,63,21,W,#1 Texas Tech dominated Iowa 63-21; 677 total yards.,12.309,14.645,9.292,1.145,0.545,0.5,,28.0,28.0,36.75,0.32,100.0,Detonation Machine,True,True,True,False,6.944,10.724,2.56,0.389,0.333,0.4,1.0,0.0,14.0,-5.25,32.59,Wet Paper Bag,False,False,False,False,False,21.952,13.536,13.746,16.897,11.415,5.094,2.056,0.0,-18.967,-10.17,10.778,1.397,0.0,-0.444,0.0,0.0,100.0,24.36,0.0,2.49
2042,12,Doug,Florida,Wyoming,HOME,34,21,W,#3 Florida beat Wyoming 34-21; 580 total yards.,7.945,10.214,2.387,0.466,0.37,0.5,,14.0,14.0,12.75,0.82,75.09,Missile Battery,False,False,False,False,5.512,6.444,1.25,0.488,0.233,0.222,0.0,7.0,7.0,3.5,65.6,Vice Grip,False,False,False,False,False,19.615,9.102,-11.239,1.953,1.987,1.621,2.056,0.0,-8.197,4.099,13.051,-3.047,5.545,2.705,3.369,-1.929,91.62,74.3,-24.67,8.3
2042,12,Nick,Florida State,Kentucky,AWAY,77,31,W,#4 Florida State dominated Kentucky 77-31; 689 total yards.,9.704,11.533,6.538,1.085,0.563,0.889,,28.0,28.0,24.5,0.3,100.0,Detonation Machine,True,True,False,False,6.5,8.465,2.476,0.484,0.266,0.429,2.0,0.0,14.0,18.5,40.86,Wet Paper Bag,False,False,True,False,False,21.496,11.46,10.477,16.541,11.415,5.247,5.646,0.0,-16.586,-3.766,11.009,-2.872,0.0,1.759,-0.61,1.929,99.52,59.4,1.43,2.02
2042,12,Noah,Texas Tech,Wisconsin,AWAY,59,54,W,#1 Texas Tech defeated Wisconsin 59-54; 812 total yards and 2 Wisconsin turnovers.,13.097,12.833,4.55,0.952,0.468,0.25,,28.0,28.0,20.25,0.3,100.0,Detonation Machine,True,True,False,False,10.366,12.356,2.654,0.761,0.408,0.5,2.0,-13.0,27.0,16.5,0.26,Wet Paper Bag,False,False,True,True,False,21.977,12.731,-0.35,15.348,11.415,4.053,-2.938,0.0,-23.817,-12.356,10.501,-12.452,-8.759,-2.732,-2.056,1.929,100.0,20.98,0.0,-32.33
2042,13,Devin,Bowling Green,Florida State,AWAY,38,35,W,#1 Bowling Green edged #9 Florida State 38-35; 437 total yards and 2 Florida State turnovers.,8.404,10.81,6.774,0.731,0.404,0.6,,21.0,21.0,25.5,0.53,100.0,Detonation Machine,True,False,True,False,8.593,9.733,6.724,0.593,0.441,0.444,2.0,0.0,14.0,17.5,0.0,Wet Paper Bag,False,False,True,False,True,20.399,10.329,11.141,11.324,7.936,2.609,3.68,0.0,-22.943,-7.89,-11.01,-7.342,0.0,-3.512,-0.944,1.929,100.0,18.5,0.0,-40.37
2042,13,Josh,USF,Maryland,AWAY,90,10,W,#8 USF dominated Maryland 90-10.,12.471,15.559,9.382,1.324,0.603,0.5,,34.0,34.0,12.5,0.26,100.0,Detonation Machine,True,True,True,False,4.016,4.676,3.267,0.156,0.172,0.25,1.0,7.0,7.0,10.0,99.41,Steel Curtain,True,True,False,False,False,21.959,13.723,13.767,17.519,12.842,5.504,2.056,0.0,8.958,9.349,8.159,10.403,5.545,4.06,2.938,0.0,90.56,64.23,0.0,6.14
2042,13,Nick,Florida State,Bowling Green,HOME,35,38,L,#1 Bowling Green edged #9 Florida State 38-35; 437 total yards and 2 Florida State turnovers.,8.593,9.733,6.724,0.593,0.441,0.444,,14.0,14.0,17.5,0.56,100.0,Detonation Machine,True,False,True,False,8.404,10.81,6.774,0.731,0.404,0.6,0.0,-7.0,21.0,25.5,0.0,Wet Paper Bag,False,False,True,False,True,20.644,7.89,11.01,7.03,1.987,3.512,0.944,0.0,-22.728,-10.329,-11.141,-11.717,-5.545,-2.609,-3.68,-1.929,99.52,26.57,0.0,-40.86
2042,14,Doug,Florida,Florida State,AWAY,24,28,L,#7 Florida State defeated #10 Florida 28-24; 356 total yards.,5.542,6.773,4.5,0.5,0.354,0.375,,10.0,10.0,15.25,0.78,55.57,Capable,False,False,False,False,6.246,8.586,3.143,0.491,0.351,0.455,3.0,0.0,14.0,10.5,37.8,Wet Paper Bag,False,False,False,False,False,7.148,-2.868,-0.699,3.388,-1.987,1.125,-0.534,0.0,-14.847,-4.211,8.711,-3.172,0.0,-1.019,-1.154,3.497,76.81,53.57,-19.52,-27.8
2042,14,Josh,USF,Penn State,HOME,52,35,W,#8 USF handled Penn State 52-35; 607 total yards.,9.484,14.765,3.5,0.812,0.438,0.143,,21.0,21.0,17.0,0.45,98.16,Detonation Machine,True,True,False,False,7.0,9.531,1.095,0.5,0.271,0.4,1.0,0.0,14.0,8.75,34.68,Wet Paper Bag,False,False,True,True,False,21.386,13.566,-7.007,13.189,7.936,3.441,-4.351,0.0,-19.212,-7.319,13.183,-3.553,0.0,1.581,0.0,0.0,99.39,75.79,-1.84,-64.73
2042,14,Mike,San Jose State,Michigan State,AWAY,50,33,W,#16 San Jose State handled Michigan State 50-33; 715 total yards.,11.721,11.581,6.067,0.82,0.393,0.8,,22.0,22.0,13.75,0.42,100.0,Detonation Machine,True,True,False,False,6.727,12.027,-0.69,0.5,0.303,0.438,0.0,0.0,14.0,25.5,28.2,Wet Paper Bag,False,False,True,True,False,21.919,11.521,8.751,13.329,8.587,2.321,5.348,0.0,-17.901,-12.04,13.859,-3.553,0.0,0.564,-0.799,-1.929,89.5,55.01,0.0,-68.36
2042,14,Nick,Florida State,Florida,HOME,28,24,W,#7 Florida State defeated #10 Florida 28-24; 356 total yards.,6.246,8.586,3.143,0.491,0.351,0.455,,14.0,14.0,10.5,0.76,65.37,Strike Force,False,False,False,False,5.542,6.773,4.5,0.5,0.354,0.375,1.0,4.0,10.0,15.25,44.25,Wet Paper Bag,False,False,False,False,False,12.681,4.211,-8.711,3.024,1.987,1.019,1.154,0.0,-8.513,2.868,0.699,-3.553,3.338,-1.125,0.534,0.0,88.46,28.37,-34.63,44.25
2042,16,Devin,Bowling Green,Florida State,HOME,38,41,L,#5 Florida State edged #2 Bowling Green 41-38; 495 total yards.,7.648,9.0,6.393,0.704,0.389,0.455,,14.0,14.0,8.0,0.41,100.0,Detonation Machine,True,False,False,False,6.972,7.811,6.059,0.577,0.38,0.643,2.0,-0.0,14.0,16.0,10.0,Wet Paper Bag,False,False,True,False,True,18.927,5.658,10.004,10.594,1.987,2.19,1.154,0.0,-19.089,-1.24,-8.718,-6.741,-0.0,-1.937,-4.2,1.929,100.0,16.79,0.0,10.0
2042,16,Nick,Florida State,Bowling Green,AWAY,41,38,W,#5 Florida State edged #2 Bowling Green 41-38; 495 total yards.,6.972,7.811,6.059,0.577,0.38,0.643,,14.0,14.0,16.0,0.59,91.17,Detonation Machine,False,False,False,False,7.648,9.0,6.393,0.704,0.389,0.455,0.0,0.0,14.0,8.0,0.0,Wet Paper Bag,False,False,True,False,True,16.636,1.24,8.718,6.449,1.987,1.937,4.2,0.0,-21.371,-5.658,-10.004,-10.984,0.0,-2.19,-1.154,-1.929,85.51,14.75,25.8,-44.25
2042,16,Noah,Texas Tech,Nebraska,HOME,38,20,W,#2 Texas Tech handled #4 Nebraska 38-20; 532 total yards.,7.94,8.778,6.227,0.567,0.463,0.667,,21.0,21.0,8.0,0.6,100.0,Detonation Machine,True,False,False,False,7.275,8.333,5.333,0.392,0.412,0.571,3.0,7.0,7.0,3.75,25.74,Wet Paper Bag,False,False,False,False,False,19.605,4.896,9.402,6.061,7.936,3.96,4.445,0.0,-20.272,-3.272,-4.915,1.251,5.545,-2.819,-3.274,3.497,100.0,19.53,0.0,25.48
2042,17,Doug,Florida,Georgia Tech,AWAY,35,38,L,#6 Georgia Tech edged #11 Florida 38-35; 427 total yards.,6.603,7.61,4.727,0.556,0.429,0.667,,14.0,14.0,17.5,0.7,81.46,Missile Battery,False,False,False,False,10.167,11.68,7.941,0.905,0.429,0.667,1.0,-3.0,17.0,8.0,0.0,Wet Paper Bag,False,False,True,True,True,14.847,0.439,0.89,5.616,1.987,3.236,4.445,0.0,-23.777,-11.647,-13.043,-15.07,-2.533,-3.236,-4.445,0.0,70.71,34.47,25.89,-37.8
2042,17,Josh,USF,Nebraska,HOME,53,42,W,#8 USF beat #9 Nebraska 53-42; 660 total yards.,8.25,11.312,3.656,0.662,0.4,0.538,,18.0,18.0,13.0,0.43,95.45,Detonation Machine,True,True,False,False,7.7,9.725,3.65,0.7,0.4,0.545,3.0,0.0,14.0,15.75,14.08,Wet Paper Bag,False,False,True,True,False,20.168,11.153,-6.156,9.374,5.658,2.504,2.747,0.0,-21.497,-7.868,6.191,-10.879,0.0,-2.504,-2.864,3.497,97.87,49.39,-2.71,-20.6
2042,17,Mike,San Jose State,Ole Miss,HOME,36,13,W,#16 San Jose State dominated #17 Ole Miss 36-13; 472 total yards and 3 Ole Miss turnovers.,6.841,7.485,4.694,0.522,0.319,0.429,,14.0,14.0,9.75,0.6,73.48,Strike Force,True,False,False,False,7.122,8.143,2.429,0.265,0.265,0.5,3.0,7.0,7.0,5.5,54.27,Leaky,False,False,False,False,False,16.048,-0.061,0.661,4.277,1.987,-0.039,0.61,0.0,-19.715,-2.543,11.134,6.634,5.545,1.769,-2.056,3.497,91.16,59.68,-26.52,26.07
2042,17,Nick,Florida State,West Virginia,HOME,49,14,W,#5 Florida State dominated #12 West Virginia 49-14; 569 total yards.,8.129,8.705,5.0,0.7,0.443,0.667,,21.0,21.0,22.75,0.51,100.0,Detonation Machine,False,False,False,False,10.8,9.609,1.706,0.35,0.35,0.286,0.0,7.0,7.0,5.25,39.17,Wet Paper Bag,False,False,False,False,False,19.964,4.637,2.763,10.49,7.936,3.559,4.445,0.0,-23.881,-7.543,12.532,3.118,5.545,-0.991,2.321,-1.929,85.51,27.81,8.83,39.17
2042,18,Devin,Bowling Green,Death Valley,HOME,55,20,W,#2 Bowling Green dominated #7 Death Valley 55-20; 641 total yards.,9.567,12.031,7.314,0.821,0.537,0.75,,27.0,27.0,37.5,0.47,100.0,Detonation Machine,False,True,True,False,6.978,10.769,0.559,0.444,0.267,0.273,0.0,4.0,10.0,11.25,38.74,Wet Paper Bag,False,False,False,False,False,21.43,12.045,12.26,13.353,11.06,5.015,5.09,0.0,-19.115,-10.255,13.516,-1.099,3.338,1.728,2.554,-1.929,100.0,16.25,0.0,28.74
2042,18,Josh,USF,Texas Tech,AWAY,46,43,W,#8 USF edged #1 Texas Tech 46-43; 704 total yards and 3 Texas Tech turnovers.,8.8,8.596,5.242,0.575,0.388,0.417,,28.0,28.0,23.5,0.57,99.74,Detonation Machine,False,False,False,False,12.333,10.457,9.062,0.843,0.451,0.571,3.0,-1.0,15.0,6.75,0.0,Wet Paper Bag,False,False,True,True,True,20.87,4.245,4.348,6.357,11.415,2.15,0.357,0.0,-23.974,-9.638,-13.681,-14.127,-0.856,-3.73,-3.274,3.497,97.78,16.25,4.29,-14.08
2042,18,Nick,Florida State,Notre Dame,AWAY,55,10,W,#5 Florida State dominated #4 Notre Dame 55-10; 626 total yards and 3 Notre Dame turnovers.,7.825,7.941,6.63,0.688,0.463,0.7,,21.0,21.0,21.25,0.47,100.0,Detonation Machine,False,False,True,False,8.955,7.343,2.444,0.227,0.318,0.25,3.0,4.0,10.0,10.0,56.36,Bend Don’t Break,False,False,False,False,False,19.356,1.755,10.751,10.13,7.936,3.956,4.74,0.0,-23.258,0.628,11.093,8.059,3.338,0.061,2.938,3.497,97.06,31.84,0.0,17.19
2042,18,Noah,Texas Tech,USF,HOME,43,46,L,#8 USF edged #1 Texas Tech 46-43; 704 total yards and 3 Texas Tech turnovers.,12.333,10.457,9.062,0.843,0.451,0.571,,15.0,15.0,6.75,0.32,100.0,Detonation Machine,True,True,True,False,8.8,8.596,5.242,0.575,0.388,0.417,0.0,-14.0,28.0,23.5,0.0,Wet Paper Bag,False,False,True,False,False,21.953,9.638,13.681,13.765,2.955,3.73,3.274,0.0,-23.137,-4.245,-4.348,-6.646,-9.139,-2.15,-0.357,-1.929,100.0,8.67,0.0,-25.74
2042,19,Devin,Bowling Green,Georgia Tech,HOME,45,35,W,#2 Bowling Green beat #6 Georgia Tech 45-35; 583 total yards.,8.701,10.593,7.025,0.672,0.463,0.636,,17.0,17.0,27.5,0.56,100.0,Detonation Machine,False,False,True,False,9.955,11.52,6.421,0.795,0.477,0.5,1.0,0.0,14.0,8.75,0.0,Wet Paper Bag,False,False,True,True,True,20.768,9.915,11.724,9.656,4.798,3.96,4.128,0.0,-23.724,-11.442,-10.099,-13.223,0.0,-4.22,-2.056,0.0,100.0,16.25,0.0,-38.74
2042,19,Devin,Bowling Green,USF,AWAY,35,21,W,#1 Bowling Green beat #2 USF 35-21; 386 total yards.,7.423,9.633,4.409,0.673,0.385,0.375,,21.0,21.0,26.25,0.62,93.74,Detonation Machine,True,False,False,False,6.804,8.276,5.222,0.375,0.357,0.556,1.0,7.0,7.0,3.5,27.74,Wet Paper Bag,False,False,False,False,False,18.288,7.613,-1.332,9.7,7.936,2.066,-0.534,0.0,-18.296,-3.054,-4.22,2.017,5.545,-1.221,-3.028,0.0,97.91,22.16,-6.26,27.74
2042,19,Josh,USF,Florida State,HOME,43,31,W,#8 USF beat #5 Florida State 43-31; 333 total yards.,6.055,7.345,4.615,0.782,0.382,0.545,,20.0,20.0,18.0,0.45,85.45,Detonation Machine,True,False,False,False,6.77,10.026,1.391,0.508,0.344,0.333,3.0,0.0,14.0,4.75,36.32,Wet Paper Bag,False,False,True,True,False,11.342,-0.62,0.108,12.546,7.23,1.983,2.864,0.0,-18.128,-8.652,12.912,-3.906,0.0,-0.804,1.402,3.497,93.55,16.8,-14.29,36.32
2042,19,Josh,USF,Bowling Green,HOME,21,35,L,#1 Bowling Green beat #2 USF 35-21; 386 total yards.,6.804,8.276,5.222,0.375,0.357,0.556,,7.0,7.0,3.5,0.87,70.68,Strike Force,False,False,False,False,7.423,9.633,4.409,0.673,0.385,0.375,1.0,-7.0,21.0,26.25,5.81,Wet Paper Bag,False,False,True,True,False,15.872,3.054,4.22,-1.921,-4.798,1.221,3.028,0.0,-20.752,-7.613,1.332,-10.078,-5.545,-2.066,0.534,0.0,85.29,14.04,-14.77,-30.51
2042,19,Nick,Florida State,USF,AWAY,31,43,L,#8 USF beat #5 Florida State 43-31; 333 total yards.,6.77,10.026,1.391,0.508,0.344,0.333,,14.0,14.0,4.75,0.66,66.57,Strike Force,False,True,False,False,6.055,7.345,4.615,0.782,0.382,0.545,1.0,-6.0,20.0,18.0,14.53,Wet Paper Bag,False,False,True,False,False,15.712,8.652,-12.912,3.725,1.987,0.804,-1.402,0.0,-13.348,0.62,-0.108,-12.933,-4.85,-1.983,-2.864,0.0,88.86,36.69,-33.43,-41.83
2043,1,Devin,Bowling Green,Georgia Tech,AWAY,49,17,W,#1 Bowling Green dominated #23 Georgia Tech 49-17; 600 total yards.,8.219,9.514,6.889,0.671,0.479,0.556,,21.0,21.0,22.75,0.51,100.0,Detonation Machine,False,False,True,False,6.214,9.762,2.667,0.405,0.238,0.3,0.0,7.0,7.0,4.5,46.79,Leaky,False,False,False,False,False,20.118,7.269,11.423,9.643,7.936,4.256,3.028,0.0,-14.613,-7.968,10.461,0.685,5.545,2.556,2.056,-1.929,97.91,24.84,6.26,19.05
2043,1,Doug,Florida,Rapid City,AWAY,31,21,W,#7 Florida beat #16 Rapid City 31-21; 537 total yards.,8.391,8.593,4.865,0.484,0.391,0.545,,14.0,14.0,1.0,0.71,86.29,Detonation Machine,False,False,False,False,7.571,6.893,6.75,0.375,0.339,0.5,1.0,7.0,7.0,12.25,25.02,Wet Paper Bag,False,False,False,False,True,20.38,4.234,1.843,2.738,1.987,2.24,2.864,0.0,-21.173,2.405,-11.079,2.017,5.545,-0.64,-2.056,0.0,74.44,20.94,4.83,25.02
2043,1,Josh,USF,NC State,HOME,42,35,W,#9 USF defeated NC State 42-35; 539 total yards.,7.592,10.868,3.818,0.592,0.38,0.4,,21.0,21.0,15.75,0.51,90.84,Detonation Machine,True,False,False,False,8.051,10.513,3.25,0.593,0.407,0.6,1.0,0.0,14.0,8.75,12.56,Wet Paper Bag,False,False,True,True,False,18.777,10.435,-5.21,6.969,7.936,1.937,0.0,0.0,-22.21,-9.753,8.236,-7.342,0.0,-2.688,-3.68,0.0,82.32,18.23,20.16,6.75
2043,1,Mike,San Jose State,Death Valley,HOME,84,26,W,#18 San Jose State dominated #8 Duke 84-26; 848 total yards and 4 Duke turnovers.,14.877,19.182,9.4,1.474,0.509,0.4,,28.0,28.0,40.25,0.19,100.0,Detonation Machine,True,True,True,False,6.5,9.676,2.462,0.342,0.276,0.444,4.0,-3.0,17.0,22.25,42.71,Wet Paper Bag,False,False,False,False,False,21.995,13.965,13.771,17.763,11.415,4.688,0.0,0.0,-16.586,-7.732,11.048,3.462,-2.533,1.428,-0.944,4.57,91.16,41.73,26.52,-11.56
2043,1,Nick,Florida State,Penn State,HOME,56,13,W,#5 Florida State dominated Penn State 56-13; 705 total yards.,9.527,12.103,6.657,0.757,0.446,0.636,,21.0,21.0,29.75,0.49,100.0,Detonation Machine,False,True,False,False,5.83,6.784,2.3,0.277,0.234,0.2,1.0,7.0,7.0,9.25,70.99,Vice Grip,False,False,False,False,False,21.409,12.118,10.827,11.971,7.936,3.625,4.128,0.0,-11.37,2.826,11.449,6.19,5.545,2.666,3.68,0.0,88.86,47.29,33.43,56.46
2043,1,Noah,Texas Tech,Iowa,HOME,91,45,W,#2 Texas Tech dominated Iowa 91-45; 1101 total yards and 3 Iowa turnovers.,15.957,16.409,9.08,1.319,0.536,0.429,,34.0,34.0,31.0,0.25,100.0,Detonation Machine,True,True,True,False,13.627,13.395,6.458,0.672,0.299,0.25,3.0,0.0,14.0,10.0,0.0,Wet Paper Bag,False,False,True,True,False,21.998,13.829,13.686,17.509,12.842,5.004,0.61,0.0,-23.993,-13.068,-10.223,-10.034,0.0,0.713,2.938,3.497,100.0,8.58,0.0,0.0
2043,2,Devin,Bowling Green,Baylor,HOME,42,13,W,#1 Bowling Green dominated #25 Baylor 42-13; 474 total yards.,8.172,6.737,10.9,0.724,0.448,0.429,,14.0,14.0,24.5,0.49,98.4,Detonation Machine,True,False,False,False,4.803,7.455,1.679,0.213,0.262,0.308,3.0,7.0,7.0,4.25,84.08,Clamp Unit,True,False,False,False,False,20.04,-3.005,13.949,11.15,1.987,3.674,0.61,0.0,-0.039,0.182,12.569,8.56,5.545,1.86,1.909,3.497,97.38,52.87,-1.6,37.29
2043,2,Doug,Florida,Indiana,HOME,42,24,W,#6 Florida handled Indiana 42-24; 504 total yards and 2 Indiana turnovers.,8.262,8.27,5.167,0.689,0.426,0.556,,14.0,14.0,15.75,0.62,95.44,Detonation Machine,False,False,False,False,7.824,9.92,2.308,0.471,0.235,0.417,2.0,0.0,14.0,6.5,33.21,Wet Paper Bag,False,False,False,False,False,20.188,3.032,3.864,10.16,1.987,3.18,3.028,0.0,-21.774,-8.385,11.431,-2.264,0.0,2.632,-0.357,1.929,87.73,19.41,9.15,8.19
2043,2,Josh,USF,USC,HOME,63,21,W,#8 USF dominated USC 63-21; 662 total yards and 2 USC turnovers.,9.594,12.944,3.97,0.913,0.435,0.833,,21.0,21.0,28.0,0.39,100.0,Detonation Machine,False,True,False,False,7.917,7.962,5.0,0.35,0.267,0.385,2.0,0.0,14.0,3.5,30.54,Wet Paper Bag,False,False,False,False,False,21.444,12.806,-4.272,14.859,7.936,3.38,5.48,0.0,-21.964,-1.836,-2.763,3.118,0.0,1.728,0.329,1.929,87.17,16.3,9.16,17.98
2043,2,Mike,San Jose State,LSU,HOME,77,10,W,#9 San Jose State dominated LSU 77-10; 658 total yards.,9.97,14.6,4.742,1.167,0.485,0.8,,28.0,28.0,24.5,0.27,100.0,Detonation Machine,True,True,False,False,5.673,6.467,4.72,0.182,0.291,0.273,4.0,4.0,10.0,10.0,64.35,Bend Don’t Break,False,False,False,False,False,21.603,13.524,0.992,17.0,11.415,4.343,5.348,0.0,-9.855,4.017,-0.839,9.609,3.338,0.961,2.554,4.57,91.16,53.78,0.0,21.64
2043,2,Nick,Florida State,Arizona State,HOME,69,17,W,#4 Florida State dominated Arizona State 69-17; 641 total yards.,7.914,9.347,5.719,0.852,0.481,0.833,,28.0,28.0,35.25,0.4,100.0,Detonation Machine,False,False,False,False,5.714,7.3,3.211,0.347,0.286,0.125,2.0,7.0,7.0,4.5,65.33,Vice Grip,False,False,False,False,False,19.549,6.771,7.105,13.917,11.415,4.289,5.48,0.0,-10.266,0.799,8.414,3.252,5.545,1.129,4.524,1.929,88.86,50.28,0.0,-5.66
2043,2,Noah,Texas Tech,Washington,AWAY,63,59,W,#2 Texas Tech defeated Washington 63-59; 707 total yards.,8.417,10.877,3.222,0.75,0.429,0.462,,29.0,29.0,1.75,0.38,100.0,Detonation Machine,False,True,False,False,10.906,13.17,4.647,0.922,0.422,0.556,2.0,-7.0,21.0,24.0,0.0,Wet Paper Bag,False,False,True,True,False,20.416,10.45,-8.362,11.808,11.731,3.236,1.298,0.0,-23.893,-12.945,-0.329,-15.293,-5.545,-3.074,-3.028,1.929,100.0,0.0,0.0,0.0
2043,3,Devin,Bowling Green,SMU,HOME,56,24,W,#1 Bowling Green dominated SMU 56-24; 646 total yards.,10.767,17.76,5.771,0.933,0.5,0.778,,21.0,21.0,29.75,0.4,100.0,Detonation Machine,True,True,False,False,7.358,10.567,3.174,0.453,0.396,0.444,1.0,0.0,14.0,15.25,23.34,Wet Paper Bag,False,False,False,False,False,21.807,13.921,7.375,15.126,7.936,4.57,5.243,0.0,-20.551,-9.863,8.576,-1.474,0.0,-2.399,-0.944,0.0,99.47,51.4,1.6,-60.74
2043,3,Doug,Florida,Iowa,AWAY,48,7,W,#6 Florida dominated Iowa 48-7.,8.231,9.788,6.625,0.738,0.4,0.75,,14.0,14.0,23.0,0.56,100.0,Detonation Machine,False,False,True,False,4.02,5.636,2.75,0.14,0.2,0.231,0.0,7.0,7.0,-1.75,97.16,Steel Curtain,True,True,False,False,False,20.137,8.038,10.735,11.521,1.987,2.504,5.09,0.0,8.913,6.822,10.196,10.879,5.545,3.497,3.241,-1.929,93.91,51.8,4.56,63.95
2043,3,Josh,USF,Nebraska,AWAY,49,17,W,#3 USF dominated #13 Nebraska 49-17; 515 total yards.,6.688,9.588,4.395,0.636,0.442,0.692,,21.0,21.0,22.75,0.54,96.03,Detonation Machine,False,False,False,False,5.897,7.519,2.25,0.436,0.256,0.333,2.0,7.0,7.0,8.25,59.7,Bend Don’t Break,False,False,False,False,False,15.299,7.485,-1.428,8.531,7.936,3.531,4.677,0.0,-11.989,-0.074,11.562,-0.715,5.545,2.036,1.402,1.929,95.62,34.27,-3.97,29.16
2043,3,Mike,San Jose State,Purdue,AWAY,91,17,W,#8 San Jose State dominated Purdue 91-17; 817 total yards.,16.02,22.783,10.464,1.784,0.529,0.5,,28.0,28.0,38.5,0.15,100.0,Detonation Machine,True,True,True,False,5.427,8.85,1.514,0.227,0.293,0.375,5.0,7.0,7.0,4.5,70.61,Vice Grip,False,False,False,False,False,21.998,13.995,13.921,17.946,11.415,4.933,2.056,0.0,-7.283,-5.147,12.776,8.08,5.545,0.882,0.534,5.22,100.0,59.22,0.0,6.26
2043,3,Nick,Florida State,Kentucky,AWAY,63,3,W,#4 Florida State dominated Kentucky 63-3; 641 total yards.,9.426,9.455,9.375,0.926,0.485,0.5,,21.0,21.0,10.5,0.37,100.0,Detonation Machine,True,False,True,False,2.893,4.818,0.13,0.054,0.161,0.25,2.0,11.0,3.0,3.0,100.0,Steel Curtain,True,True,False,False,False,21.354,7.095,13.766,15.038,7.936,4.351,2.056,0.0,17.793,9.026,13.683,13.033,7.872,4.253,2.938,1.929,100.0,78.77,0.0,34.67
2043,3,Noah,Texas Tech,TCU,HOME,70,38,W,#2 Texas Tech dominated TCU 70-38; 744 total yards and 4 TCU turnovers.,16.909,13.875,6.583,1.591,0.477,0.571,,28.0,28.0,35.0,0.2,100.0,Detonation Machine,True,True,False,False,9.265,8.123,5.769,0.458,0.386,0.706,4.0,-3.0,17.0,29.25,10.18,Wet Paper Bag,False,False,True,False,False,21.999,13.286,10.613,17.864,11.415,4.22,3.274,0.0,-23.454,-2.465,-7.364,-1.697,-2.533,-2.093,-4.787,4.57,100.0,3.39,0.0,10.18
2043,4,Devin,Bowling Green,Georgia,AWAY,56,7,W,#1 Bowling Green dominated Georgia 56-7; 567 total yards.,8.859,10.152,7.484,0.875,0.516,0.75,,21.0,21.0,29.75,0.44,100.0,Detonation Machine,False,True,True,False,5.108,6.474,3.667,0.189,0.189,0.364,0.0,7.0,7.0,7.0,73.91,Vice Grip,False,False,False,False,False,20.928,8.955,12.517,14.3,7.936,4.774,5.09,0.0,-3.668,3.992,6.097,9.369,5.545,3.726,0.775,-1.929,99.47,60.44,0.0,50.57
2043,4,Doug,Florida,Washington,HOME,42,14,W,#6 Florida dominated Washington 42-14; 504 total yards and 2 Washington turnovers.,8.4,10.393,4.969,0.7,0.433,0.889,,14.0,14.0,15.75,0.55,100.0,Detonation Machine,True,False,False,False,4.735,5.211,4.133,0.206,0.235,0.4,2.0,7.0,7.0,5.25,80.94,Clamp Unit,True,True,False,False,False,20.393,9.501,2.552,10.49,1.987,3.347,5.646,0.0,0.776,8.042,3.209,8.81,5.545,2.632,0.0,1.929,98.48,70.44,0.0,-16.22
2043,4,Mike,San Jose State,Ohio State,HOME,52,17,W,#8 San Jose State dominated #18 Ohio State 52-17; 656 total yards.,13.388,17.273,10.222,1.061,0.469,0.429,,21.0,21.0,34.5,0.3,100.0,Detonation Machine,True,True,True,False,6.758,9.242,3.931,0.274,0.29,0.533,1.0,0.0,14.0,13.25,34.61,Wet Paper Bag,False,False,False,False,False,21.982,13.895,13.899,16.378,7.936,4.083,0.61,0.0,-18.064,-6.446,4.516,6.285,0.0,0.98,-2.659,0.0,100.0,56.52,0.0,-36.0
2043,4,Nick,Florida State,South Carolina,AWAY,42,0,W,#4 Florida State dominated South Carolina 42-0; 596 total yards.,7.358,8.326,6.263,0.519,0.37,0.385,,21.0,21.0,24.5,0.59,94.25,Detonation Machine,False,False,False,False,2.519,3.718,-0.6,0.0,0.111,0.235,1.0,14.0,0.0,0.0,100.0,Steel Curtain,True,True,False,False,False,18.082,3.242,9.539,4.146,7.936,1.637,-0.329,0.0,19.552,11.108,13.846,14.073,9.139,4.927,3.172,0.0,98.08,88.44,-5.75,0.0
2043,5,Doug,Florida,Illinois,AWAY,52,7,W,#6 Florida dominated Illinois 52-7; 472 total yards.,6.648,9.778,4.727,0.732,0.408,0.462,,21.0,21.0,22.0,0.6,97.32,Detonation Machine,False,False,False,False,4.417,4.423,4.4,0.194,0.167,0.125,4.0,7.0,7.0,-1.75,93.81,Steel Curtain,True,True,False,False,False,15.087,8.011,0.89,11.366,7.936,2.732,1.298,0.0,4.544,9.884,1.395,9.195,5.545,4.152,4.524,4.57,99.11,90.64,-2.68,12.87
2043,5,Josh,USF,Georgia,AWAY,49,14,W,#3 USF dominated Georgia 49-14; 531 total yards.,6.556,7.426,5.353,0.605,0.481,0.5,,21.0,21.0,14.0,0.52,91.05,Detonation Machine,False,False,False,False,7.195,7.348,7.0,0.341,0.341,0.429,4.0,7.0,7.0,5.25,31.23,Wet Paper Bag,False,False,False,False,True,14.584,-0.298,5.035,7.451,7.936,4.289,2.056,0.0,-19.99,0.608,-11.671,3.489,5.545,-0.712,-0.61,4.57,95.69,40.49,-4.98,-28.47
2043,5,Mike,San Jose State,Nebraska,HOME,54,42,W,#7 San Jose State beat #19 Nebraska 54-42; 764 total yards.,11.403,11.4,5.593,0.806,0.373,0.583,,28.0,28.0,30.25,0.38,100.0,Detonation Machine,True,True,False,False,8.344,7.026,6.269,0.656,0.375,0.455,1.0,0.0,14.0,7.0,7.19,Wet Paper Bag,False,False,True,False,True,21.891,11.278,6.429,13.057,11.415,1.721,3.449,0.0,-22.652,1.883,-9.561,-9.546,0.0,-1.778,-1.154,0.0,100.0,37.47,0.0,-27.42
2043,5,Nick,Florida State,Panama City,HOME,56,7,W,#4 Florida State dominated #23 Panama City 56-7; 557 total yards.,7.527,7.356,5.828,0.757,0.432,0.692,,21.0,21.0,29.75,0.45,100.0,Detonation Machine,False,False,False,False,3.86,5.0,1.056,0.163,0.163,0.1,1.0,7.0,7.0,-1.75,100.0,Steel Curtain,True,True,False,False,False,18.597,-0.577,7.655,11.971,7.936,3.326,4.677,0.0,10.512,8.587,13.214,10.205,5.545,4.219,4.74,0.0,98.08,100.0,5.75,0.0
2043,5,Noah,Texas Tech,USC,AWAY,70,42,W,#2 Texas Tech dominated USC 70-42; 2 USC turnovers.,10.672,13.628,5.375,1.045,0.567,0.714,,21.0,21.0,26.25,0.34,100.0,Detonation Machine,True,True,False,False,9.576,10.568,6.667,0.712,0.441,0.556,2.0,0.0,14.0,15.75,0.0,Wet Paper Bag,False,False,True,True,True,21.79,13.181,5.169,16.252,7.936,5.276,4.851,0.0,-23.599,-9.866,-10.853,-11.211,0.0,-3.512,-3.028,1.929,100.0,3.39,0.0,-10.18
