YEAR,WEEK,USER,TEAM,OPPONENT,HOME_AWAY,TEAM_RANK_CURRENT,OPP_RANK_CURRENT,TEAM_RANK_AT_GAME,OPP_RANK_AT_GAME,TEAM_RANK_USED,OPP_RANK_USED,TEAM_GAMES_PRIOR,TEAM_WIN_PCT_PRIOR,TEAM_AVG_MARGIN_PRIOR,TEAM_CONTEXT_STRENGTH,OPP_GAMES_PRIOR,OPP_WIN_PCT_PRIOR,OPP_AVG_MARGIN_PRIOR,OPP_CONTEXT_STRENGTH,TEAM_SCORE,OPP_SCORE,RESULT,NOTES,margin_diff,team_ypp,opp_ypp,ypp_diff,turnover_edge,first_down_diff,team_3rd_rate,opp_3rd_rate,third_down_rate_diff,team_rz_rate,opp_rz_rate,red_zone_rate_diff,top_diff_minutes,penalty_yards_edge,base_game_control,opponent_adjustment,venue_adjustment,game_control_score,game_control_tier,season_quality_bucket,close_escape,false_blowout,stealth_dominance,got_robbed_flag,norm_score_margin,norm_yards_per_play,norm_turnovers,norm_first_downs,norm_third_down_rate,norm_red_zone_rate,norm_time_of_possession,norm_penalty_yards,impact_score_margin,impact_yards_per_play,impact_turnovers,impact_first_downs,impact_third_down_rate,impact_red_zone_rate,impact_time_of_possession,impact_penalty_yards,rolling_3_game_control,trend_vs_prev
2042,1,Devin,Bowling Green,Miami,HOME,1,11.0,4.0,21.0,4,21.0,0.0,0.0,0.0,0.5,0.0,0.0,0.0,0.5,56,28,W,#1 Bowling Green dominated #25 Miami 56-28; 596 total yards.,28.0,8.164,8.702,-0.538,-2.0,14.0,0.6667,0.1667,0.5,,,0.0,8.73,10.0,70.18,2.45,-0.83,71.8,Solid Control,Playoff-Caliber,False,False,False,False,0.7616,-0.2118,-0.5828,0.8854,0.8914,0.0,0.6217,0.1244,10.662,-2.118,-4.662,4.427,4.011,0.0,1.554,0.311,71.8,
2042,1,Doug,Florida,Washington,HOME,6,23.0,18.0,20.0,18,20.0,0.0,0.0,0.0,0.5,0.0,0.0,0.0,0.5,56,21,W,#13 Florida dominated Washington 56-21; 454 total yards.,35.0,8.255,7.118,1.137,3.0,13.0,0.5714,0.5,0.0714,,,0.0,11.57,-10.0,85.0,2.7,-0.8,86.89,Strong Control,Championship Gear,False,False,False,False,0.8483,0.4258,0.7616,0.8617,0.2013,0.0,0.746,-0.1244,11.876,4.258,6.093,4.309,0.906,0.0,1.865,-0.311,86.89,
2042,1,Josh,USF,Hammond,AWAY,3,14.0,9.0,14.0,9,14.0,0.0,0.0,0.0,0.5,0.0,0.0,0.0,0.5,77,24,W,#4 USF dominated #14 Hammond 77-24; 850 total yards and 3 Hammond turnovers.,53.0,12.687,9.333,3.353,3.0,22.0,0.6667,0.1818,0.4848,,,0.0,2.4,-15.0,93.07,3.69,2.48,99.25,Total Control,Championship Gear,False,False,False,False,0.9556,0.872,0.7616,0.9757,0.8821,0.0,0.1974,-0.1853,13.379,8.72,6.093,4.879,3.97,0.0,0.493,-0.463,99.25,
2042,1,Mike,San Jose State,Stanford,HOME,8,,15.0,,15,,0.0,0.0,0.0,0.5,0.0,0.0,0.0,0.5,71,61,W,#11 San Jose State beat Stanford 71-61.,10.0,10.26,7.887,2.373,0.0,2.0,0.7273,0.4,0.3273,,,0.0,7.5,-8.0,73.61,2.58,-0.62,75.57,Strong Control,Playoff-Caliber,False,False,True,False,0.3427,0.7394,0.0,0.1974,0.7329,0.0,0.5546,-0.0997,4.798,7.394,0.0,0.987,3.298,0.0,1.386,-0.249,75.57,
2042,1,Nick,Florida State,North Carolina,HOME,4,21.0,1.0,,1,21.0,0.0,0.0,0.0,0.5,0.0,0.0,0.0,0.5,56,35,W,#16 Florida State handled North Carolina 56-35.,21.0,6.975,6.905,0.071,0.0,12.0,0.25,0.5,-0.25,,,0.0,11.1,37.0,69.48,2.27,-0.83,70.92,Solid Control,Playoff-Caliber,False,False,False,False,0.6351,0.0282,0.0,0.8337,-0.6134,0.0,0.7283,0.4321,8.892,0.282,0.0,4.168,-2.76,0.0,1.821,1.08,70.92,
2042,1,Noah,Texas Tech,Georgia Tech,AWAY,2,16.0,6.0,19.0,6,19.0,0.0,0.0,0.0,0.5,0.0,0.0,0.0,0.5,48,10,W,#2 Texas Tech dominated #19 Georgia Tech 48-10; 473 total yards.,38.0,9.096,6.155,2.941,2.0,6.0,0.625,0.5833,0.0417,,,0.0,-1.37,0.0,84.12,2.87,2.32,89.31,Strong Control,Championship Gear,False,False,False,False,0.8757,0.8263,0.5828,0.537,0.1185,0.0,-0.1134,0.0,12.26,8.263,4.662,2.685,0.533,0.0,-0.283,0.0,89.31,
2042,2,Devin,Bowling Green,Penn State,AWAY,1,20.0,4.0,14.0,4,14.0,1.0,1.0,28.0,0.5625,1.0,1.0,52.0,0.5625,49,21,W,Bowling Green dominated Penn State 49-21; Penn State had 1 interception and 0 fourth-quarter points.,28.0,7.784,9.273,-1.489,1.0,13.0,0.4286,0.2857,0.1429,0.5,0.33,0.17,16.97,-20.0,72.96,5.6,2.53,81.09,Strong Control,Championship Gear,False,False,False,False,0.7616,-0.5339,0.3215,0.8617,0.3869,0.4011,0.8883,-0.2449,10.662,-5.339,2.572,4.309,1.741,1.404,2.221,-0.612,76.44,9.29
2042,2,Doug,Florida,NC State,HOME,6,21.0,15.0,,15,21.0,1.0,1.0,35.0,0.5625,1.0,0.0,-18.0,0.4404,43,26,W,Florida dominated NC State 43-26 behind 542 total yards and 34 first downs.,17.0,8.229,6.053,2.176,-3.0,23.0,0.3636,0.3077,0.0559,0.66,0.66,0.0,13.87,0.0,72.18,1.61,-0.86,72.92,Solid Control,Playoff-Caliber,False,False,False,False,0.5421,0.7016,-0.7616,0.9801,0.1585,0.0,0.8196,0.0,7.59,7.016,-6.093,4.9,0.713,0.0,2.049,0.0,79.9,-13.97
2042,2,Josh,USF,Arkansas,HOME,3,,7.0,,7,,1.0,1.0,53.0,0.5625,1.0,0.0,-14.0,0.4442,56,16,W,USF (ranked 6) routed Arkansas 56-16; USF scored 21 points in the 2nd quarter and totaled 668 yards.,40.0,11.517,8.164,3.353,0.0,16.0,0.8571,0.4737,0.3835,1.0,1.0,0.0,2.23,15.0,86.33,2.92,-0.69,88.55,Strong Control,Championship Gear,False,False,False,False,0.8914,0.872,0.0,0.9217,0.7989,0.0,0.184,0.1853,12.479,8.72,0.0,4.608,3.595,0.0,0.46,0.463,93.9,-10.7
2042,2,Mike,San Jose State,Texas,AWAY,8,7.0,11.0,1.0,11,1.0,1.0,1.0,10.0,0.552,1.0,1.0,12.0,0.5539,38,37,W,San Jose State edged Texas 38-37 on the road.,1.0,8.342,7.105,1.237,0.0,7.0,0.3571,0.6667,-0.3095,0.66,0.83,-0.17,13.13,0.0,61.5,4.11,2.95,68.56,Solid Control,Playoff-Caliber,False,False,False,False,0.0357,0.458,0.0,0.6044,-0.7086,-0.4011,0.7985,0.0,0.5,4.58,0.0,3.022,-3.189,-1.404,1.996,0.0,72.06,-7.01
2042,2,Nick,Florida State,Nebraska,AWAY,4,13.0,2.0,19.0,2,19.0,1.0,1.0,21.0,0.5625,1.0,0.0,-17.0,0.4413,21,43,L,Nebraska defeated #14 Florida State 43-21 behind 5 Florida State turnovers.,-22.0,6.716,6.396,0.32,-4.0,4.0,0.1,0.2727,-0.1727,1.0,0.66,0.34,-1.03,-10.0,42.87,-2.24,2.28,42.91,Outplayed / Survived,Living Dangerous,False,False,False,False,-0.656,0.1274,-0.8701,0.3799,-0.457,0.6911,-0.0859,-0.1244,-9.184,1.274,-6.96,1.9,-2.056,2.419,-0.215,-0.311,56.92,-28.01
2042,2,Noah,Texas Tech,TCU,HOME,2,,5.0,,5,,1.0,1.0,38.0,0.5625,1.0,1.0,43.0,0.5625,36,13,W,Texas Tech dominates TCU 36-13 behind 469 total yards and 193 rushing yards.,23.0,9.597,5.317,4.28,0.0,9.0,0.4,0.1538,0.2462,0.85,1.0,-0.15,-3.17,-7.0,79.02,5.58,-0.55,84.05,Strong Control,Championship Gear,False,False,False,False,0.6758,0.9369,0.0,0.7163,0.6065,-0.3584,-0.2579,-0.0873,9.462,9.369,0.0,3.581,2.729,-1.254,-0.645,-0.218,86.68,-5.26
2042,3,Devin,Bowling Green,Toledo,AWAY,1,,2.0,,2,,2.0,1.0,28.0,0.625,2.0,1.0,29.5,0.625,77,10,W,Bowling Green dominated 77-10; 678 total yards and 7 red-zone TDs.,67.0,10.119,6.459,3.66,1.0,17.0,0.375,0.2143,0.1607,0.63,0.66,-0.03,2.93,0.0,88.27,7.0,2.69,97.96,Total Control,Championship Gear,False,False,False,False,0.9834,0.8985,0.3215,0.9354,0.4294,-0.0749,0.2397,0.0,13.768,8.985,2.572,4.677,1.932,-0.262,0.599,0.0,83.62,16.87
2042,3,Josh,USF,Oklahoma,HOME,3,23.0,6.0,23.0,6,23.0,2.0,1.0,46.5,0.625,2.0,1.0,27.5,0.625,49,0,W,USF shut out Oklahoma 49-0; Oklahoma had 1 turnover and 0 red zone scores.,49.0,8.5,5.566,2.934,0.0,19.0,0.6364,0.3571,0.2792,0.5,0.0,0.5,-0.53,5.0,88.21,5.1,-0.82,92.5,Total Control,Championship Gear,False,False,False,False,0.9414,0.8254,0.0,0.9562,0.6628,0.8483,-0.0444,0.0624,13.179,8.254,0.0,4.781,2.983,2.969,-0.111,0.156,93.43,3.95
2042,3,Mike,San Jose State,Auburn,HOME,8,22.0,3.0,16.0,3,16.0,2.0,1.0,5.5,0.5955,2.0,1.0,21.0,0.625,34,19,W,San Jose State dominated with 588 total yards and 5 red-zone touchdowns; Auburn had 0 turnovers but was outgained badly.,15.0,7.636,6.958,0.678,-1.0,15.0,0.7143,0.4545,0.2597,0.83,0.75,0.08,9.1,5.0,72.74,4.66,-0.62,76.78,Strong Control,Playoff-Caliber,False,False,False,False,0.4897,0.2648,-0.3215,0.9051,0.6304,0.1974,0.6401,0.0624,6.856,2.648,-2.572,4.526,2.837,0.691,1.6,0.156,73.64,8.22
2042,3,Noah,Texas Tech,Tennessee,AWAY,2,17.0,4.0,,4,17.0,2.0,1.0,30.5,0.625,2.0,1.0,36.0,0.625,52,10,W,"Texas Tech dominated after falling behind 10-7, scoring 45 unanswered points.",42.0,12.531,7.259,5.271,1.0,11.0,0.6,0.4167,0.1833,0.62,0.0,0.62,-3.37,-10.0,89.32,5.83,2.47,97.62,Total Control,Championship Gear,False,False,False,False,0.9051,0.9709,0.3215,0.8005,0.4806,0.9138,-0.2734,-0.1244,12.672,9.709,2.572,4.002,2.163,3.198,-0.684,-0.311,90.33,13.57
2042,4,Devin,Bowling Green,Kentucky,HOME,1,,2.0,,2,,3.0,1.0,41.0,0.6875,2.0,1.0,30.5,0.625,69,10,W,#2 Bowling Green dominated Kentucky 69-10; 760 total yards and 2 Kentucky turnovers.,59.0,11.343,5.867,5.477,0.0,31.0,0.6667,0.2308,0.4359,,,0.0,7.63,5.0,89.7,6.96,-0.47,96.19,Total Control,Championship Gear,False,False,False,False,0.9709,0.9753,0.0,0.9959,0.847,0.0,0.5622,0.0624,13.592,9.753,0.0,4.98,3.811,0.0,1.406,0.156,91.75,-1.77
2042,4,Doug,Florida,Texas,HOME,6,7.0,14.0,9.0,14,9.0,2.0,1.0,26.0,0.625,2.0,0.5,5.5,0.5105,38,35,W,#14 Florida edged #9 Texas 38-35; 535 total yards.,3.0,6.948,9.863,-2.915,0.0,10.0,0.5556,0.625,-0.0694,,,0.0,-1.13,0.0,51.96,3.09,-0.5,54.55,Toss-Up / Fragile,Good Enough to Win,True,False,False,False,0.1067,-0.8229,0.0,0.7616,-0.1958,0.0,-0.0942,0.0,1.494,-8.229,0.0,3.808,-0.881,0.0,-0.235,0.0,71.45,-18.37
2042,4,Josh,USF,San Jose State,AWAY,3,8.0,6.0,3.0,6,3.0,3.0,1.0,47.333,0.6875,3.0,1.0,8.667,0.6523,23,28,L,#3 San Jose State defeated #6 USF 28-23; 379 total yards.,-5.0,7.981,7.019,0.963,-1.0,0.0,0.5,0.6364,-0.1364,,,0.0,-6.73,0.0,51.68,-0.0,3.95,55.63,Toss-Up / Fragile,Good Enough to Win,False,False,False,False,-0.1767,0.3671,-0.3215,0.0,-0.371,0.0,-0.5088,0.0,-2.474,3.671,-2.572,0.0,-1.67,0.0,-1.272,0.0,78.89,-36.87
2042,4,Mike,San Jose State,USF,HOME,8,3.0,3.0,6.0,3,6.0,3.0,1.0,8.667,0.6523,3.0,1.0,47.333,0.6875,28,23,W,#3 San Jose State defeated #6 USF 28-23; 379 total yards.,5.0,7.019,7.981,-0.963,1.0,0.0,0.6364,0.5,0.1364,,,0.0,6.73,0.0,60.32,4.63,-0.31,64.63,Solid Control,Good Enough to Win,True,False,False,False,0.1767,-0.3671,0.3215,0.0,0.371,0.0,0.5088,0.0,2.474,-3.671,2.572,0.0,1.67,0.0,1.272,0.0,69.99,-12.15
2042,4,Nick,Florida State,South Carolina,AWAY,4,,15.0,,15,,2.0,0.5,-0.5,0.499,3.0,0.3333,-8.0,0.4346,56,19,W,#15 Florida State dominated South Carolina 56-19; 638 total yards.,37.0,7.506,3.69,3.816,-4.0,31.0,0.75,0.1429,0.6071,,,0.0,9.0,-34.0,80.07,3.54,2.4,86.02,Strong Control,Championship Gear,False,False,False,False,0.8671,0.9098,-0.8701,0.9959,0.9396,0.0,0.6351,-0.4011,12.14,9.098,-6.96,4.98,4.228,0.0,1.588,-1.003,66.62,43.11
2042,4,Noah,Texas Tech,Oregon,HOME,2,10.0,4.0,10.0,4,10.0,3.0,1.0,34.333,0.6875,2.0,1.0,54.5,0.625,45,21,W,#4 Texas Tech dominated #10 Oregon 45-21; 545 total yards and 3 Oregon turnovers.,24.0,9.083,6.182,2.902,2.0,15.0,0.6667,0.3,0.3667,,,0.0,0.37,0.0,86.72,6.03,-0.46,92.29,Total Control,Championship Gear,False,False,False,False,0.6948,0.8212,0.5828,0.9051,0.7809,0.0,0.0305,0.0,9.727,8.212,4.662,4.526,3.514,0.0,0.076,0.0,91.32,-5.33
2042,5,Devin,Bowling Green,Florida,HOME,1,6.0,3.0,8.0,3,8.0,4.0,1.0,45.5,0.75,3.0,1.0,18.333,0.6799,56,38,W,#3 Bowling Green handled #8 Florida 56-38; 586 total yards.,18.0,11.269,8.738,2.531,1.0,2.0,1.0,0.0,1.0,,,0.0,-3.4,0.0,78.94,5.87,-0.37,84.43,Strong Control,Championship Gear,False,False,False,False,0.5668,0.7667,0.3215,0.1974,0.9934,0.0,-0.276,0.0,7.936,7.667,2.572,0.987,4.47,0.0,-0.69,0.0,92.86,-11.76
2042,5,Doug,Florida,Bowling Green,AWAY,6,1.0,8.0,3.0,8,3.0,3.0,1.0,18.333,0.6799,4.0,1.0,45.5,0.75,38,56,L,#3 Bowling Green handled #8 Florida 56-38; 586 total yards.,-18.0,8.738,11.269,-2.531,-1.0,-2.0,0.0,1.0,-1.0,,,0.0,3.4,0.0,33.06,0.22,4.02,37.29,Outplayed / Survived,Red Alert,False,False,False,False,-0.5668,-0.7667,-0.3215,-0.1974,-0.9934,0.0,0.276,0.0,-7.936,-7.667,-2.572,-0.987,-4.47,0.0,0.69,0.0,54.92,-17.26
2042,5,Mike,San Jose State,Washington,AWAY,8,23.0,1.0,,1,23.0,4.0,1.0,7.75,0.6995,4.0,0.5,-5.5,0.479,36,57,L,Washington handled San Jose State 57-36; 515 total yards.,-21.0,6.193,7.923,-1.73,-1.0,2.0,0.3333,0.4,-0.0667,,,0.0,5.43,-6.0,39.56,-2.59,2.17,39.14,Outplayed / Survived,Red Alert,False,False,False,False,-0.6351,-0.5993,-0.3215,0.1974,-0.1882,0.0,0.4242,-0.0749,-8.892,-5.993,-2.572,0.987,-0.847,0.0,1.06,-0.187,60.18,-25.49
2042,5,Nick,Florida State,Auburn,HOME,4,22.0,12.0,17.0,12,17.0,3.0,0.6667,12.0,0.5768,4.0,0.75,7.25,0.6126,35,47,L,#17 Auburn beat #12 Florida State 47-35; 404 total yards and 4 Florida State turnovers.,-12.0,7.667,8.08,-0.413,-2.0,9.0,0.6,0.7,-0.1,,,0.0,1.8,-10.0,46.43,-1.63,-0.66,44.14,Outplayed / Survived,Living Dangerous,False,False,False,True,-0.4041,-0.1638,-0.5828,0.7163,-0.2782,0.0,0.1489,-0.1244,-5.658,-1.638,-4.662,3.581,-1.252,0.0,0.372,-0.311,57.69,-41.88
2042,5,Noah,Texas Tech,USC,HOME,2,25.0,4.0,13.0,4,13.0,4.0,1.0,31.75,0.75,2.0,1.0,25.5,0.625,48,21,W,Texas Tech dominated USC 48-21; 645 total yards and 2 USC turnovers.,27.0,11.316,10.84,0.476,2.0,6.0,0.75,0.5,0.25,,,0.0,1.6,0.0,78.77,5.84,-0.54,84.06,Strong Control,Championship Gear,False,False,False,False,0.7462,0.1881,0.5828,0.537,0.6134,0.0,0.1325,0.0,10.447,1.881,4.662,2.685,2.76,0.0,0.331,0.0,91.32,-8.23
2042,6,Devin,Bowling Green,Missouri,HOME,1,,1.0,,1,,5.0,1.0,40.0,0.8125,4.0,0.25,-5.5,0.394,42,24,W,#1 Bowling Green handled Missouri 42-24; 496 total yards.,18.0,9.185,6.037,3.148,1.0,10.0,0.5714,0.5,0.0714,,,0.0,-1.4,0.0,79.44,2.71,-0.76,81.39,Strong Control,Championship Gear,False,False,False,False,0.5668,0.8509,0.3215,0.7616,0.2013,0.0,-0.1161,0.0,7.936,8.509,2.572,3.808,0.906,0.0,-0.29,0.0,87.34,-3.04
2042,6,Doug,Florida,Oklahoma State,HOME,6,25.0,15.0,11.0,15,11.0,4.0,0.75,9.25,0.6202,4.0,1.0,22.25,0.75,56,49,W,#12 Florida defeated #17 Oklahoma State 56-49; 760 total yards.,7.0,11.692,12.148,-0.456,-1.0,8.0,0.6667,0.5714,0.0952,,,0.0,3.6,-25.0,59.54,4.57,-0.42,63.69,Solid Control,Good Enough to Win,True,False,False,False,0.2449,-0.1803,-0.3215,0.664,0.2656,0.0,0.2913,-0.3027,3.429,-1.803,-2.572,3.32,1.195,0.0,0.728,-0.757,51.84,26.4
2042,6,Josh,USF,Indiana,HOME,3,,9.0,,9,,4.0,0.75,34.25,0.665,3.0,1.0,29.0,0.6875,77,14,W,#9 USF dominated Indiana 77-14; 798 total yards and 2 Indiana turnovers.,63.0,11.083,8.118,2.966,1.0,28.0,0.9,0.3333,0.5667,,,0.0,12.23,0.0,91.61,7.39,-0.39,98.6,Total Control,Championship Gear,False,False,False,False,0.978,0.8294,0.3215,0.9926,0.9245,0.0,0.7696,0.0,13.692,8.294,2.572,4.963,4.16,0.0,1.924,0.0,82.24,42.97
2042,6,Mike,San Jose State,USC,AWAY,8,25.0,10.0,21.0,10,21.0,5.0,0.8,2.0,0.637,3.0,0.6667,8.0,0.5654,52,35,W,#10 San Jose State handled #21 USC 52-35; 568 total yards.,17.0,8.353,7.464,0.889,-1.0,14.0,0.8889,0.6364,0.2525,,,0.0,3.83,0.0,72.41,3.39,2.3,78.1,Strong Control,Playoff-Caliber,False,False,False,False,0.5421,0.3412,-0.3215,0.8854,0.6178,0.0,0.309,0.0,7.59,3.412,-2.572,4.427,2.78,0.0,0.773,0.0,60.62,38.96
2042,6,Nick,Florida State,Georgia,HOME,4,24.0,23.0,6.0,23,6.0,4.0,0.5,6.0,0.5229,3.0,1.0,28.333,0.6875,63,53,W,#23 Florida State beat #6 Georgia 63-53; 664 total yards.,10.0,9.623,7.679,1.944,-4.0,1.0,0.6364,0.5625,0.0739,,,0.0,0.87,-50.0,60.58,5.28,-0.31,65.55,Solid Control,Playoff-Caliber,False,False,False,False,0.3427,0.6514,-0.8701,0.0997,0.208,0.0,0.0721,-0.5546,4.798,6.514,-6.96,0.498,0.936,0.0,0.18,-1.386,65.24,21.41
2042,6,Noah,Texas Tech,Purdue,AWAY,2,,3.0,,3,,5.0,1.0,30.8,0.8125,5.0,0.4,-2.6,0.4451,60,26,W,#3 Texas Tech dominated Purdue 60-26; 576 total yards.,34.0,11.077,6.635,4.442,-1.0,1.0,0.5,0.4,0.1,,,0.0,-5.0,10.0,75.68,3.8,2.42,81.9,Strong Control,Championship Gear,False,False,False,False,0.838,0.9443,-0.3215,0.0997,0.2782,0.0,-0.3941,0.1244,11.731,9.443,-2.572,0.498,1.252,0.0,-0.985,0.311,86.08,-2.16
2042,7,Devin,Bowling Green,South Carolina,AWAY,1,,1.0,,1,,6.0,1.0,36.333,0.875,5.0,0.2,-13.6,0.3077,49,0,W,#1 Bowling Green dominated South Carolina 49-0; 641 total yards.,49.0,9.567,4.269,5.298,-1.0,22.0,0.7273,0.2308,0.4965,,,0.0,4.03,-15.0,85.55,2.5,2.21,90.26,Total Control,Championship Gear,False,False,False,False,0.9414,0.9715,-0.3215,0.9757,0.8893,0.0,0.324,-0.1853,13.179,9.715,-2.572,4.879,4.002,0.0,0.81,-0.463,85.36,8.87
2042,7,Doug,Florida,Ole Miss,AWAY,6,12.0,12.0,13.0,12,13.0,5.0,0.8,8.8,0.6694,5.0,1.0,42.2,0.8125,41,45,L,#5 Ole Miss defeated #12 Florida 45-41.,-4.0,7.231,11.477,-4.247,-1.0,15.0,0.6667,0.5,0.1667,,,0.0,12.73,0.0,50.57,-0.74,3.73,53.56,Toss-Up / Fragile,Good Enough to Win,False,False,False,False,-0.1419,-0.9352,-0.3215,0.9051,0.4432,0.0,0.7861,0.0,-1.987,-9.352,-2.572,4.526,1.994,0.0,1.965,0.0,51.51,-10.13
2042,7,Josh,USF,Nebraska,AWAY,3,13.0,8.0,6.0,8,6.0,5.0,0.8,40.0,0.7275,5.0,0.8,16.8,0.7075,56,31,W,#8 USF dominated #6 Nebraska 56-31; 506 total yards.,25.0,8.576,8.98,-0.404,1.0,9.0,0.7778,0.5,0.2778,,,0.0,0.67,0.0,73.64,6.38,2.89,82.91,Strong Control,Championship Gear,False,False,False,False,0.7128,-0.1601,0.3215,0.7163,0.6605,0.0,0.0555,0.0,9.979,-1.601,2.572,3.581,2.972,0.0,0.139,0.0,79.05,-15.69
2042,7,Mike,San Jose State,Indiana,HOME,8,,9.0,,9,,6.0,0.8333,4.5,0.6957,4.0,0.75,6.0,0.6079,59,36,W,#9 San Jose State dominated Indiana 59-36; 699 total yards and 2 Indiana turnovers.,23.0,10.13,6.311,3.82,-1.0,2.0,0.4615,0.3846,0.0769,,,0.0,4.5,0.0,74.85,5.09,-0.49,79.44,Strong Control,Playoff-Caliber,False,False,False,False,0.6758,0.9101,-0.3215,0.1974,0.2163,0.0,0.3584,0.0,9.462,9.101,-2.572,0.987,0.973,0.0,0.896,0.0,65.56,1.34
2042,7,Nick,Florida State,Miami,AWAY,4,11.0,19.0,23.0,19,23.0,5.0,0.6,6.8,0.5749,7.0,0.5714,6.143,0.5835,21,14,W,#19 Florida State defeated #23 Miami 21-14; 386 total yards.,7.0,5.761,6.458,-0.697,-1.0,8.0,0.3333,0.2857,0.0476,,,0.0,3.07,0.0,58.69,2.45,2.24,63.39,Solid Control,Good Enough to Win,True,False,False,False,0.2449,-0.2718,-0.3215,0.664,0.1352,0.0,0.2501,0.0,3.429,-2.718,-2.572,3.32,0.608,0.0,0.625,0.0,57.69,-2.16
2042,7,Noah,Texas Tech,Penn State,HOME,2,20.0,3.0,22.0,3,22.0,6.0,1.0,31.333,0.875,6.0,0.6667,20.0,0.6993,59,24,W,#2 Texas Tech dominated Penn State 59-24; 802 total yards and 3 Penn State turnovers.,35.0,11.296,9.596,1.699,2.0,15.0,0.2222,0.5,-0.2778,,,0.0,9.23,19.0,82.2,4.61,-0.75,86.07,Strong Control,Championship Gear,False,False,False,False,0.8483,0.5913,0.5828,0.9051,-0.6605,0.0,0.6466,0.2331,11.876,5.913,4.662,4.526,-2.972,0.0,1.617,0.583,84.01,4.17
2042,8,Devin,Bowling Green,Notre Dame,HOME,1,5.0,1.0,4.0,1,4.0,7.0,1.0,38.143,0.9375,7.0,1.0,45.0,0.9375,44,36,W,#1 Bowling Green beat #4 Notre Dame 44-36; 568 total yards.,8.0,8.114,6.957,1.158,-1.0,10.0,0.5,0.2857,0.2143,,,0.0,6.17,0.0,69.09,5.68,-0.12,74.66,Solid Control,Playoff-Caliber,False,False,False,False,0.2782,0.4326,-0.3215,0.7616,0.5457,0.0,0.473,0.0,3.895,4.326,-2.572,3.808,2.456,0.0,1.182,0.0,82.1,-15.6
2042,8,Doug,Florida,Tennessee,AWAY,6,17.0,16.0,,16,17.0,6.0,0.6667,6.667,0.6231,6.0,0.3333,-6.833,0.376,38,23,W,#13 Florida handled Tennessee 38-23; 472 total yards.,15.0,6.051,6.815,-0.764,-1.0,16.0,0.5333,0.5714,-0.0381,,,0.0,13.1,20.0,64.05,2.53,2.3,68.88,Solid Control,Playoff-Caliber,False,False,False,False,0.4897,-0.2963,-0.3215,0.9217,-0.1084,0.0,0.7975,0.2449,6.856,-2.963,-2.572,4.608,-0.488,0.0,1.994,0.612,62.04,15.32
2042,8,Josh,USF,Michigan,HOME,3,23.0,5.0,19.0,5,19.0,6.0,0.8333,37.5,0.79,6.0,0.8333,24.833,0.79,52,14,W,#4 USF dominated Michigan 52-14; 614 total yards and 3 Michigan turnovers.,38.0,9.029,8.106,0.923,2.0,18.0,0.5,0.3333,0.1667,,,0.0,6.13,-5.0,84.2,5.64,-0.61,89.23,Strong Control,Championship Gear,False,False,False,False,0.8757,0.3533,0.5828,0.9468,0.4432,0.0,0.4708,-0.0624,12.26,3.533,4.662,4.734,1.994,0.0,1.177,-0.156,90.25,6.32
2042,8,Mike,San Jose State,Texas Tech,HOME,8,2.0,6.0,2.0,6,2.0,7.0,0.8571,7.143,0.7601,7.0,1.0,31.857,0.9375,31,35,L,#2 Texas Tech defeated #6 San Jose State 35-31; 329 total yards.,-4.0,7.319,7.651,-0.332,-3.0,14.0,0.5556,0.4286,0.127,,,0.0,14.07,-7.0,54.43,0.75,-0.06,55.12,Toss-Up / Fragile,Good Enough to Win,False,False,False,True,-0.1419,-0.1322,-0.7616,0.8854,0.3477,0.0,0.825,-0.0873,-1.987,-1.322,-6.093,4.427,1.565,0.0,2.062,-0.218,70.89,-24.32
2042,8,Nick,Florida State,Oklahoma,AWAY,4,23.0,18.0,,18,23.0,6.0,0.6667,6.833,0.624,7.0,0.5714,4.571,0.573,58,10,W,#18 Florida State dominated Oklahoma 58-10.,48.0,9.092,3.6,5.492,0.0,30.0,0.5556,0.3846,0.1709,,,0.0,11.83,5.0,87.94,3.74,2.24,93.91,Total Control,Championship Gear,False,False,False,False,0.9372,0.9756,0.0,0.9951,0.4529,0.0,0.7557,0.0624,13.12,9.756,0.0,4.975,2.038,0.0,1.889,0.156,74.28,30.52
2042,8,Noah,Texas Tech,San Jose State,AWAY,2,8.0,2.0,6.0,2,6.0,7.0,1.0,31.857,0.9375,7.0,0.8571,7.143,0.7601,35,31,W,#2 Texas Tech defeated #6 San Jose State 35-31; 329 total yards.,4.0,7.651,7.319,0.332,3.0,-14.0,0.4286,0.5556,-0.127,,,0.0,-14.07,7.0,57.57,4.24,2.92,64.73,Solid Control,Good Enough to Win,True,False,False,False,0.1419,0.1322,0.7616,-0.8854,-0.3477,0.0,-0.825,0.0873,1.987,1.322,6.093,-4.427,-1.565,0.0,-2.062,0.218,77.57,-21.34
2042,9,Devin,Bowling Green,Oklahoma,HOME,1,23.0,1.0,,1,23.0,8.0,1.0,34.375,1.0,8.0,0.5,-2.0,0.4848,35,28,W,#1 Bowling Green defeated Oklahoma 35-28; 510 total yards.,7.0,7.727,7.032,0.696,1.0,-2.0,0.5714,0.6667,-0.0952,,,0.0,-3.83,-20.0,61.15,2.05,-0.89,62.3,Solid Control,Good Enough to Win,True,False,False,False,0.2449,0.2712,0.3215,-0.1974,-0.2656,0.0,-0.309,-0.2449,3.429,2.712,2.572,-0.987,-1.195,0.0,-0.773,-0.612,75.74,-12.36
2042,9,Doug,Florida,Alabama,HOME,6,25.0,13.0,,13,25.0,7.0,0.7143,7.857,0.6799,7.0,0.7143,7.571,0.678,31,20,W,#12 Florida beat Alabama 31-20; 389 total yards.,11.0,5.985,4.789,1.195,0.0,12.0,0.5455,0.5714,-0.026,,,0.0,7.5,-10.0,70.59,2.9,-0.84,72.65,Solid Control,Playoff-Caliber,False,False,False,False,0.3738,0.4447,0.0,0.8337,-0.0741,0.0,0.5546,-0.1244,5.233,4.447,0.0,4.168,-0.333,0.0,1.386,-0.311,65.03,3.77
2042,9,Josh,USF,Michigan State,AWAY,3,,4.0,,4,,7.0,0.8571,37.571,0.8525,7.0,0.7143,5.429,0.6637,56,19,W,#4 USF dominated Michigan State 56-19; 602 total yards.,37.0,8.985,7.875,1.11,-2.0,23.0,0.8571,0.25,0.6071,,,0.0,7.47,40.0,79.31,5.93,2.75,87.99,Strong Control,Championship Gear,False,False,False,False,0.8671,0.417,-0.5828,0.9801,0.9396,0.0,0.5527,0.4621,12.14,4.17,-4.662,4.9,4.228,0.0,1.382,1.155,86.71,-1.24
2042,9,Mike,San Jose State,Nebraska,AWAY,8,13.0,11.0,15.0,11,15.0,8.0,0.75,5.75,0.7138,7.0,0.7143,9.143,0.6885,37,52,L,#15 Nebraska handled #11 San Jose State 52-37; 572 total yards and 2 San Jose State turnovers.,-15.0,8.275,12.435,-4.16,-2.0,17.0,0.625,0.75,-0.125,,,0.0,12.4,5.0,40.4,-1.24,2.58,41.74,Outplayed / Survived,Living Dangerous,False,False,False,True,-0.4897,-0.9308,-0.5828,0.9354,-0.3427,0.0,0.7752,0.0624,-6.856,-9.308,-4.662,4.677,-1.542,0.0,1.938,0.156,58.77,-13.38
2042,9,Noah,Texas Tech,Ohio State,AWAY,2,18.0,2.0,17.0,2,17.0,8.0,1.0,28.375,1.0,7.0,0.7143,15.0,0.7275,49,35,W,#2 Texas Tech beat #19 Ohio State 49-35; 4 Ohio State turnovers.,14.0,8.873,10.52,-1.647,3.0,13.0,0.7273,0.7143,0.013,,,0.0,2.97,-5.0,67.71,4.19,2.54,74.44,Solid Control,Playoff-Caliber,False,False,False,False,0.4621,-0.5775,0.7616,0.8617,0.0371,0.0,0.2423,-0.0624,6.47,-5.775,6.093,4.309,0.167,0.0,0.606,-0.156,75.08,9.71
2042,10,Devin,Bowling Green,Georgia,AWAY,1,24.0,1.0,17.0,1,17.0,9.0,1.0,31.333,1.0,7.0,0.7143,11.857,0.7065,42,17,W,#1 Bowling Green dominated #17 Georgia 42-17; 527 total yards.,25.0,7.866,6.267,1.599,0.0,14.0,0.5385,0.4,0.1385,,,0.0,7.4,-15.0,78.65,4.78,2.52,85.95,Strong Control,Championship Gear,False,False,False,False,0.7128,0.5646,0.0,0.8854,0.3762,0.0,0.5488,-0.1853,9.979,5.646,0.0,4.427,1.693,0.0,1.372,-0.463,74.3,23.65
2042,10,Doug,Florida,Iowa,AWAY,6,21.0,12.0,,12,21.0,8.0,0.75,8.25,0.7329,7.0,0.2857,-9.143,0.3115,42,3,W,#12 Florida dominated Iowa 42-3; 579 total yards.,39.0,8.271,3.44,4.831,1.0,17.0,0.4615,0.1818,0.2797,,,0.0,14.03,-10.0,89.95,2.34,2.13,94.41,Total Control,Championship Gear,False,False,False,False,0.8838,0.9589,0.3215,0.9354,0.6636,0.0,0.8241,-0.1244,12.373,9.589,2.572,4.677,2.986,0.0,2.06,-0.311,78.65,21.76
2042,10,Josh,USF,Texas Tech,AWAY,3,2.0,4.0,2.0,4,2.0,0.0,0.0,0.0,0.5,0.0,0.0,0.0,0.5,21,42,L,#2 Texas Tech handled #4 USF 42-21; 392 total yards and 2 USF turnovers.,-21.0,8.793,14.0,-5.207,-2.0,6.0,0.4,0.75,-0.35,,,0.0,8.87,10.0,33.89,-0.23,3.88,37.54,Outplayed / Survived,Red Alert,False,False,False,True,-0.6351,-0.9694,-0.5828,0.537,-0.7616,0.0,0.6285,0.1244,-8.892,-9.694,-4.662,2.685,-3.427,0.0,1.571,0.311,71.59,-50.45
2042,10,Mike,San Jose State,Michigan,HOME,8,23.0,24.0,20.0,24,20.0,9.0,0.6667,3.444,0.6396,7.0,0.7143,15.857,0.7332,30,27,W,#24 San Jose State edged #20 Michigan 30-27; 432 total yards.,3.0,6.0,5.591,0.409,-3.0,16.0,0.6923,0.4444,0.2479,,,0.0,5.93,-10.0,61.21,2.96,-0.67,63.49,Solid Control,Good Enough to Win,True,False,False,False,0.1067,0.1622,-0.7616,0.9217,0.6095,0.0,0.4577,-0.1244,1.494,1.622,-6.093,4.608,2.743,0.0,1.144,-0.311,53.45,21.75
2042,10,Nick,Florida State,Ole Miss,HOME,4,12.0,14.0,5.0,14,5.0,7.0,0.7143,12.714,0.7123,8.0,0.875,27.75,0.915,56,17,W,#7 Florida State dominated #9 Ole Miss 56-17; 479 total yards and 3 Ole Miss turnovers.,39.0,6.746,8.913,-2.167,3.0,17.0,0.7143,0.7,0.0143,,,0.0,3.5,0.0,73.04,7.96,-0.16,80.84,Strong Control,Championship Gear,False,False,False,False,0.8838,-0.6997,0.7616,0.9354,0.0408,0.0,0.2837,0.0,12.373,-6.997,6.093,4.677,0.184,0.0,0.709,0.0,79.38,-13.07
2042,10,Noah,Texas Tech,USF,HOME,2,3.0,2.0,4.0,2,4.0,0.0,0.0,0.0,0.5,0.0,0.0,0.0,0.5,42,21,W,#2 Texas Tech handled #4 USF 42-21; 392 total yards and 2 USF turnovers.,21.0,14.0,8.793,5.207,2.0,-6.0,0.75,0.4,0.35,,,0.0,-8.87,-10.0,78.11,4.26,-0.36,82.0,Strong Control,Championship Gear,False,False,False,False,0.6351,0.9694,0.5828,-0.537,0.7616,0.0,-0.6285,-0.1244,8.892,9.694,4.662,-2.685,3.427,0.0,-1.571,-0.311,73.72,7.56
2042,11,Doug,Florida,LSU,AWAY,6,21.0,6.0,22.0,6,22.0,9.0,0.7778,11.667,0.7778,9.0,0.8889,29.333,0.9244,48,17,W,#6 Florida dominated #22 LSU 48-17; 571 total yards.,31.0,10.574,6.841,3.733,-2.0,1.0,0.3333,0.4286,-0.0952,,,0.0,-3.07,-5.0,70.14,5.48,2.51,78.12,Strong Control,Playoff-Caliber,False,False,False,False,0.8031,0.9039,-0.5828,0.0997,-0.2656,0.0,-0.2501,-0.0624,11.243,9.039,-4.662,0.498,-1.195,0.0,-0.625,-0.156,81.73,-16.29
2042,11,Josh,USF,Minnesota,HOME,3,,11.0,,11,,8.0,0.875,37.5,0.915,8.0,0.375,-10.125,0.3379,49,10,W,#11 USF dominated Minnesota 49-10; 645 total yards.,39.0,8.165,4.167,3.998,0.0,23.0,0.4167,0.25,0.1667,,,0.0,14.8,-5.0,86.44,3.0,-0.83,88.61,Strong Control,Championship Gear,False,False,False,False,0.8838,0.9215,0.0,0.9801,0.4432,0.0,0.8435,-0.0624,12.373,9.215,0.0,4.9,1.994,0.0,2.109,-0.156,71.38,51.07
2042,11,Mike,San Jose State,Wisconsin,AWAY,8,,21.0,,21,,10.0,0.7,3.4,0.6619,8.0,0.375,3.0,0.4379,66,9,W,#21 San Jose State dominated Wisconsin 66-9; 636 total yards.,57.0,11.778,4.222,7.556,1.0,9.0,0.7143,0.2857,0.4286,,,0.0,-6.47,0.0,88.19,4.14,2.41,94.73,Total Control,Championship Gear,False,False,False,False,0.9665,0.9953,0.3215,0.7163,0.841,0.0,-0.4921,0.0,13.531,9.953,2.572,3.581,3.784,0.0,-1.23,0.0,66.65,31.24
2042,11,Noah,Texas Tech,Iowa,HOME,2,21.0,1.0,,1,21.0,9.0,1.0,26.778,1.0,8.0,0.25,-12.875,0.2319,63,21,W,#1 Texas Tech dominated Iowa 63-21; 677 total yards.,42.0,12.309,6.944,5.365,0.0,12.0,0.5,0.4,0.1,,,0.0,0.23,-10.0,83.56,1.98,-0.98,84.55,Strong Control,Championship Gear,False,False,False,False,0.9051,0.973,0.0,0.8337,0.2782,0.0,0.0194,-0.1244,12.672,9.73,0.0,4.168,1.252,0.0,0.049,-0.311,80.33,2.55
2042,12,Doug,Florida,Wyoming,HOME,6,23.0,4.0,,4,23.0,10.0,0.8,13.6,0.8076,10.0,0.6,10.2,0.6457,34,21,W,#3 Florida beat Wyoming 34-21; 580 total yards.,13.0,7.945,5.512,2.434,-1.0,17.0,0.5,0.2222,0.2778,,,0.0,15.53,5.0,76.96,3.07,-0.8,79.23,Strong Control,Playoff-Caliber,False,False,False,False,0.4336,0.7502,-0.3215,0.9354,0.6605,0.0,0.8603,0.0624,6.07,7.502,-2.572,4.677,2.972,0.0,2.151,0.156,83.92,1.11
2042,12,Nick,Florida State,Kentucky,AWAY,4,,5.0,,5,,9.0,0.7778,19.667,0.8387,9.0,0.2222,-19.778,0.1604,77,31,W,#4 Florida State dominated Kentucky 77-31; 689 total yards.,46.0,9.704,6.5,3.204,2.0,23.0,0.8889,0.4286,0.4603,,,0.0,6.6,-5.0,92.11,1.42,1.99,95.53,Total Control,Championship Gear,False,False,False,False,0.9279,0.8569,0.5828,0.9801,0.8656,0.0,0.5005,-0.0624,12.99,8.569,4.662,4.9,3.895,0.0,1.251,-0.156,90.09,14.69
2042,12,Noah,Texas Tech,Wisconsin,AWAY,2,,3.0,,3,,10.0,1.0,28.3,1.0,9.0,0.3333,-3.667,0.3587,59,54,W,#1 Texas Tech defeated Wisconsin 59-54; 812 total yards and 2 Wisconsin turnovers.,5.0,13.097,10.366,2.731,1.0,0.0,0.25,0.5,-0.25,,,0.0,-4.07,-25.0,64.69,2.02,2.29,68.99,Solid Control,Playoff-Caliber,False,False,False,False,0.1767,0.7977,0.3215,0.0,-0.6134,0.0,-0.3265,-0.3027,2.474,7.977,2.572,0.0,-2.76,0.0,-0.816,-0.757,78.51,-15.56
2042,13,Devin,Bowling Green,Florida State,AWAY,1,4.0,2.0,4.0,2,4.0,11.0,1.0,28.818,1.0,10.0,0.8,22.3,0.864,38,35,W,#1 Bowling Green edged #9 Florida State 38-35; 437 total yards and 2 Florida State turnovers.,3.0,8.404,8.593,-0.189,2.0,-5.0,0.6,0.4444,0.1556,,,0.0,0.47,0.0,61.07,4.6,3.06,68.72,Solid Control,Playoff-Caliber,True,False,False,False,0.1067,-0.0756,0.5828,-0.4621,0.4173,0.0,0.0389,0.0,1.494,-0.756,4.662,-2.311,1.878,0.0,0.097,0.0,72.32,-17.23
2042,13,Josh,USF,Maryland,AWAY,3,,11.0,,11,,9.0,0.8889,37.667,0.9244,10.0,0.1,-16.5,0.1023,90,10,W,#8 USF dominated Maryland 90-10.,80.0,12.471,4.016,8.455,1.0,30.0,0.5,0.25,0.25,,,0.0,6.0,0.0,91.35,0.97,1.9,94.22,Total Control,Championship Gear,False,False,False,False,0.9934,0.9977,0.3215,0.9951,0.6134,0.0,0.4621,0.0,13.908,9.977,2.572,4.975,2.76,0.0,1.155,0.0,73.46,5.61
2042,13,Nick,Florida State,Bowling Green,HOME,4,1.0,4.0,2.0,4,2.0,10.0,0.8,22.3,0.864,11.0,1.0,28.818,1.0,35,38,L,#1 Bowling Green edged #9 Florida State 38-35; 437 total yards and 2 Florida State turnovers.,-3.0,8.593,8.404,0.189,-2.0,5.0,0.4444,0.6,-0.1556,,,0.0,-0.47,0.0,50.93,0.89,-0.03,51.8,Toss-Up / Fragile,Good Enough to Win,False,False,False,True,-0.1067,0.0756,-0.5828,0.4621,-0.4173,0.0,-0.0389,0.0,-1.494,0.756,-4.662,2.311,-1.878,0.0,-0.097,0.0,76.06,-43.73
2042,14,Doug,Florida,Florida State,AWAY,6,4.0,10.0,7.0,10,7.0,11.0,0.8182,13.545,0.8196,11.0,0.7273,20.0,0.8069,24,28,L,#7 Florida State defeated #10 Florida 28-24; 356 total yards.,-4.0,5.542,6.246,-0.704,2.0,-3.0,0.375,0.4545,-0.0795,,,0.0,-2.73,0.0,52.91,-0.09,3.92,56.74,Toss-Up / Fragile,Good Enough to Win,False,False,False,False,-0.1419,-0.2744,0.5828,-0.2913,-0.2234,0.0,-0.2239,0.0,-1.987,-2.744,4.662,-1.457,-1.005,0.0,-0.56,0.0,71.36,-22.49
2042,14,Josh,USF,Penn State,HOME,3,20.0,8.0,,8,20.0,10.0,0.9,41.9,0.932,11.0,0.5455,11.818,0.621,52,35,W,#8 USF handled Penn State 52-35; 607 total yards.,17.0,9.484,7.0,2.484,-3.0,9.0,0.1429,0.4,-0.2571,,,0.0,6.4,-5.0,66.91,3.54,-0.74,69.72,Solid Control,Playoff-Caliber,False,False,False,False,0.5421,0.759,-0.7616,0.7163,-0.6259,0.0,0.4879,-0.0624,7.59,7.59,-6.093,3.581,-2.817,0.0,1.22,-0.156,84.18,-24.5
2042,14,Mike,San Jose State,Michigan State,AWAY,8,,16.0,,16,,11.0,0.7273,8.273,0.7176,11.0,0.5455,0.818,0.5371,50,33,W,#16 San Jose State handled Michigan State 50-33; 715 total yards.,17.0,11.721,6.727,4.994,-3.0,4.0,0.8,0.4375,0.3625,,,0.0,1.73,0.0,72.89,3.93,2.56,79.37,Strong Control,Playoff-Caliber,False,False,False,False,0.5421,0.9639,-0.7616,0.3799,0.7762,0.0,0.1434,0.0,7.59,9.639,-6.093,1.9,3.493,0.0,0.359,0.0,79.2,-15.36
2042,14,Nick,Florida State,Florida,HOME,4,6.0,7.0,10.0,7,10.0,11.0,0.7273,20.0,0.8069,11.0,0.8182,13.545,0.8196,28,24,W,#7 Florida State defeated #10 Florida 28-24; 356 total yards.,4.0,6.246,5.542,0.704,-2.0,3.0,0.4545,0.375,0.0795,,,0.0,2.73,0.0,59.09,4.08,-0.35,62.82,Solid Control,Good Enough to Win,True,False,False,False,0.1419,0.2744,-0.5828,0.2913,0.2234,0.0,0.2239,0.0,1.987,2.744,-4.662,1.457,1.005,0.0,0.56,0.0,70.05,11.02
2042,16,Devin,Bowling Green,Florida State,HOME,1,4.0,,,1,4.0,12.0,1.0,26.667,1.0,12.0,0.75,18.667,0.8122,38,41,L,#5 Florida State edged #2 Bowling Green 41-38; 495 total yards.,-3.0,7.648,6.972,0.676,2.0,-6.0,0.4545,0.6429,-0.1883,,,0.0,-8.5,15.0,55.85,0.25,-0.19,55.91,Toss-Up / Fragile,Good Enough to Win,False,False,False,False,-0.1067,0.2641,0.5828,-0.537,-0.4915,0.0,-0.6096,0.1853,-1.494,2.641,4.662,-2.685,-2.212,0.0,-1.524,0.463,70.19,-12.81
2042,16,Nick,Florida State,Bowling Green,AWAY,4,1.0,,,4,1.0,12.0,0.75,18.667,0.8122,12.0,1.0,26.667,1.0,41,38,W,#5 Florida State edged #2 Bowling Green 41-38; 495 total yards.,3.0,6.972,7.648,-0.676,-2.0,6.0,0.6429,0.4545,0.1883,,,0.0,8.5,-15.0,56.15,5.26,3.25,64.66,Solid Control,Good Enough to Win,True,False,False,False,0.1067,-0.2641,-0.5828,0.537,0.4915,0.0,0.6096,-0.1853,1.494,-2.641,-4.662,2.685,2.212,0.0,1.524,-0.463,59.76,1.84
2042,16,Noah,Texas Tech,Nebraska,HOME,2,13.0,,,2,13.0,11.0,1.0,26.182,1.0,12.0,0.75,8.083,0.7316,38,20,W,#2 Texas Tech handled #4 Nebraska 38-20; 532 total yards.,18.0,7.94,7.275,0.666,3.0,10.0,0.6667,0.5714,0.0952,,,0.0,5.73,0.0,78.74,4.84,-0.48,83.11,Strong Control,Championship Gear,False,False,False,False,0.5668,0.2602,0.7616,0.7616,0.2656,0.0,0.4445,0.0,7.936,2.602,6.093,3.808,1.195,0.0,1.111,0.0,78.88,14.12
2042,17,Doug,Florida,Georgia Tech,AWAY,6,16.0,11.0,6.0,11,6.0,12.0,0.75,12.083,0.7621,13.0,0.8462,23.231,0.8954,35,38,L,#6 Georgia Tech edged #11 Florida 38-35; 427 total yards.,-3.0,6.603,10.167,-3.563,1.0,9.0,0.6667,0.6667,0.0,,,0.0,8.97,-5.0,53.18,0.21,4.01,57.41,Toss-Up / Fragile,Good Enough to Win,False,False,False,False,-0.1067,-0.8907,0.3215,0.7163,0.0,0.0,0.6335,-0.0624,-1.494,-8.907,2.572,3.581,0.0,0.0,1.584,-0.156,64.46,0.67
2042,17,Josh,USF,Nebraska,HOME,3,13.0,8.0,9.0,8,9.0,11.0,0.9091,39.636,0.9382,13.0,0.6923,6.077,0.6771,53,42,W,#8 USF beat #9 Nebraska 53-42; 660 total yards.,11.0,8.25,7.7,0.55,0.0,8.0,0.5385,0.5455,-0.007,,,0.0,5.43,0.0,67.69,4.42,-0.4,71.71,Solid Control,Playoff-Caliber,False,False,False,False,0.3738,0.2165,0.0,0.664,-0.02,0.0,0.4242,0.0,5.233,2.165,0.0,3.32,-0.09,0.0,1.06,0.0,78.55,1.99
2042,17,Mike,San Jose State,Ole Miss,HOME,8,12.0,16.0,17.0,16,17.0,12.0,0.75,9.0,0.7386,13.0,0.6923,19.462,0.779,36,13,W,#16 San Jose State dominated #17 Ole Miss 36-13; 472 total yards and 3 Ole Miss turnovers.,23.0,6.841,7.122,-0.282,2.0,9.0,0.4286,0.5,-0.0714,,,0.0,3.03,15.0,72.76,5.0,-0.56,77.2,Strong Control,Playoff-Caliber,False,False,False,False,0.6758,-0.1123,0.5828,0.7163,-0.2013,0.0,0.2475,0.1853,9.462,-1.123,4.662,3.581,-0.906,0.0,0.619,0.463,83.77,-2.17
2042,17,Nick,Florida State,West Virginia,HOME,4,20.0,5.0,20.0,5,20.0,13.0,0.7692,17.462,0.8161,13.0,1.0,27.154,1.0,49,14,W,#5 Florida State dominated #12 West Virginia 49-14; 569 total yards.,35.0,8.129,10.8,-2.671,0.0,17.0,0.6667,0.2857,0.381,,,0.0,10.1,-5.0,69.81,6.27,-0.52,75.55,Strong Control,Playoff-Caliber,False,False,False,False,0.8483,-0.7889,0.0,0.9354,0.7963,0.0,0.6867,-0.0624,11.876,-7.889,0.0,4.677,3.583,0.0,1.717,-0.156,67.68,10.89
2042,18,Devin,Bowling Green,Death Valley,HOME,1,18.0,,,1,18.0,13.0,0.9231,24.385,0.9477,14.0,0.5,-2.357,0.482,55,20,W,#2 Bowling Green dominated #7 Death Valley 55-20; 641 total yards.,35.0,9.567,6.978,2.589,0.0,24.0,0.75,0.2727,0.4773,,,0.0,11.93,0.0,86.4,3.68,-0.76,89.33,Strong Control,Championship Gear,False,False,False,False,0.8483,0.7762,0.0,0.9837,0.8772,0.0,0.7593,0.0,11.876,7.762,0.0,4.918,3.948,0.0,1.898,0.0,71.32,33.42
2042,18,Josh,USF,Texas Tech,AWAY,3,2.0,,,3,2.0,12.0,0.9167,37.25,0.9433,12.0,1.0,25.5,1.0,46,43,W,#8 USF edged #1 Texas Tech 46-43; 704 total yards and 3 Texas Tech turnovers.,3.0,8.8,12.333,-3.533,3.0,8.0,0.4167,0.5714,-0.1548,,,0.0,12.2,5.0,58.23,5.18,3.22,66.63,Solid Control,Playoff-Caliber,True,False,False,False,0.1067,-0.8882,0.7616,0.664,-0.4154,0.0,0.7685,0.0624,1.494,-8.882,6.093,3.32,-1.87,0.0,1.921,0.156,69.35,-5.08
2042,18,Nick,Florida State,Notre Dame,AWAY,4,5.0,,,4,5.0,14.0,0.7857,18.714,0.8369,12.0,0.9167,34.0,0.9433,55,10,W,#5 Florida State dominated #4 Notre Dame 55-10; 626 total yards and 3 Notre Dame turnovers.,45.0,7.825,8.955,-1.13,3.0,23.0,0.7,0.25,0.45,,,0.0,11.53,0.0,81.4,8.28,3.08,92.76,Total Control,Championship Gear,False,False,False,False,0.9227,-0.4234,0.7616,0.9801,0.858,0.0,0.7448,0.0,12.918,-4.234,6.093,4.9,3.861,0.0,1.862,0.0,77.66,17.21
2042,18,Noah,Texas Tech,USF,HOME,2,3.0,,,2,3.0,12.0,1.0,25.5,1.0,12.0,0.9167,37.25,0.9433,43,46,L,#8 USF edged #1 Texas Tech 46-43; 704 total yards and 3 Texas Tech turnovers.,-3.0,12.333,8.8,3.533,-3.0,-8.0,0.5714,0.4167,0.1548,,,0.0,-12.2,-5.0,53.77,0.65,-0.09,54.33,Toss-Up / Fragile,Good Enough to Win,False,False,False,True,-0.1067,0.8882,-0.7616,-0.664,0.4154,0.0,-0.7685,-0.0624,-1.494,8.882,-6.093,-3.32,1.87,0.0,-1.921,-0.156,68.81,-28.78
2042,19,Devin,Bowling Green,Georgia Tech,HOME,1,16.0,,,1,16.0,14.0,0.9286,25.143,0.9514,15.0,0.8667,21.933,0.9093,45,35,W,#2 Bowling Green beat #6 Georgia Tech 45-35; 583 total yards.,10.0,8.701,9.955,-1.253,1.0,10.0,0.6364,0.5,0.1364,,,0.0,10.13,0.0,65.94,4.6,-0.46,70.07,Solid Control,Playoff-Caliber,False,False,False,False,0.3427,-0.4631,0.3215,0.7616,0.371,0.0,0.6882,0.0,4.798,-4.631,2.572,3.808,1.67,0.0,1.72,0.0,71.77,-19.26
2042,19,Devin,Bowling Green,USF,AWAY,1,3.0,,,1,3.0,0.0,0.0,0.0,0.5,0.0,0.0,0.0,0.5,35,21,W,#1 Bowling Green beat #2 USF 35-21; 386 total yards.,14.0,7.423,6.804,0.62,0.0,0.0,0.375,0.5556,-0.1806,,,0.0,3.27,10.0,63.74,3.91,2.85,70.5,Solid Control,Playoff-Caliber,False,False,False,False,0.4621,0.2429,0.0,0.0,-0.4745,0.0,0.2657,0.1244,6.47,2.429,0.0,0.0,-2.135,0.0,0.664,0.311,76.63,0.43
2042,19,Josh,USF,Florida State,HOME,3,4.0,,,3,4.0,13.0,0.9231,34.615,0.9477,15.0,0.8,20.467,0.8599,43,31,W,#8 USF beat #5 Florida State 43-31; 333 total yards.,12.0,6.055,6.77,-0.716,2.0,0.0,0.5455,0.3333,0.2121,,,0.0,-0.9,0.0,65.78,5.82,-0.16,71.44,Solid Control,Playoff-Caliber,False,False,False,False,0.4041,-0.2788,0.5828,0.0,0.5413,0.0,-0.0749,0.0,5.658,-2.788,4.662,0.0,2.436,0.0,-0.187,0.0,69.93,4.81
2042,19,Josh,USF,Bowling Green,HOME,3,1.0,,,3,1.0,0.0,0.0,0.0,0.5,0.0,0.0,0.0,0.5,21,35,L,#1 Bowling Green beat #2 USF 35-21; 386 total yards.,-14.0,6.804,7.423,-0.62,0.0,0.0,0.5556,0.375,0.1806,,,0.0,-3.27,-10.0,48.26,-0.12,-0.28,47.86,Toss-Up / Fragile,Living Dangerous,False,False,False,False,-0.4621,-0.2429,0.0,0.0,0.4745,0.0,-0.2657,-0.1244,-6.47,-2.429,0.0,0.0,2.135,0.0,-0.664,-0.311,61.98,-23.58
2042,19,Nick,Florida State,USF,AWAY,4,3.0,,,4,3.0,15.0,0.8,20.467,0.8599,13.0,0.9231,34.615,0.9477,31,43,L,#8 USF beat #5 Florida State 43-31; 333 total yards.,-12.0,6.77,6.055,0.716,-2.0,0.0,0.3333,0.5455,-0.2121,,,0.0,0.9,0.0,46.22,0.66,4.15,51.03,Toss-Up / Fragile,Good Enough to Win,False,False,False,False,-0.4041,0.2788,-0.5828,0.0,-0.5413,0.0,0.0749,0.0,-5.658,2.788,-4.662,0.0,-2.436,0.0,0.187,0.0,73.11,-41.73
2043,1,Devin,Bowling Green,Georgia Tech,AWAY,1,16.0,1.0,17.0,1,17.0,0.0,0.0,0.0,0.5,0.0,0.0,0.0,0.5,49,17,W,#1 Bowling Green dominated #23 Georgia Tech 49-17; 600 total yards.,32.0,8.219,6.214,2.005,-1.0,25.0,0.5556,0.3,0.2556,,,0.0,10.13,0.0,80.95,3.04,2.38,86.38,Strong Control,Championship Gear,False,False,False,False,0.8154,0.6651,-0.3215,0.9866,0.6232,0.0,0.6882,0.0,11.415,6.651,-2.572,4.933,2.804,0.0,1.72,0.0,75.65,15.88
2043,1,Doug,Florida,Rapid City,AWAY,6,20.0,12.0,7.0,12,7.0,0.0,0.0,0.0,0.5,0.0,0.0,0.0,0.5,31,21,W,#7 Florida beat #16 Rapid City 31-21; 537 total yards.,10.0,8.391,7.571,0.819,1.0,6.0,0.5455,0.5,0.0455,,,0.0,3.73,0.0,70.55,3.21,2.71,76.48,Strong Control,Playoff-Caliber,False,False,True,False,0.3427,0.3164,0.3215,0.537,0.1291,0.0,0.3014,0.0,4.798,3.164,2.572,2.685,0.581,0.0,0.754,0.0,63.54,19.07
2043,1,Josh,USF,NC State,HOME,3,21.0,10.0,22.0,10,22.0,0.0,0.0,0.0,0.5,0.0,0.0,0.0,0.5,42,35,W,#9 USF defeated NC State 42-35; 539 total yards.,7.0,7.592,8.051,-0.459,1.0,3.0,0.4,0.6,-0.2,,,0.0,2.53,30.0,60.73,1.64,-0.86,61.51,Solid Control,Good Enough to Win,True,False,False,False,0.2449,-0.1817,0.3215,0.2913,-0.5164,0.0,0.208,0.3584,3.429,-1.817,2.572,1.457,-2.324,0.0,0.52,0.896,60.27,13.65
2043,1,Mike,San Jose State,Death Valley,HOME,8,18.0,18.0,8.0,18,8.0,0.0,0.0,0.0,0.5,0.0,0.0,0.0,0.5,84,26,W,#18 San Jose State dominated #8 Duke 84-26; 848 total yards and 4 Duke turnovers.,58.0,14.877,6.5,8.377,4.0,8.0,0.4,0.4444,-0.0444,,,0.0,-7.67,-5.0,87.68,4.56,-0.47,91.77,Total Control,Championship Gear,False,False,False,False,0.9687,0.9975,0.8701,0.664,-0.1263,0.0,-0.5641,-0.0624,13.562,9.975,6.96,3.32,-0.568,0.0,-1.41,-0.156,82.78,14.57
2043,1,Nick,Florida State,Penn State,HOME,4,20.0,5.0,,5,20.0,0.0,0.0,0.0,0.5,0.0,0.0,0.0,0.5,56,13,W,#5 Florida State dominated Penn State 56-13; 705 total yards.,43.0,9.527,5.83,3.697,1.0,22.0,0.6364,0.2,0.4364,,,0.0,14.33,-15.0,90.65,2.79,-0.8,92.64,Total Control,Championship Gear,False,False,False,False,0.9114,0.9013,0.3215,0.9757,0.8474,0.0,0.832,-0.1853,12.76,9.013,2.572,4.879,3.813,0.0,2.08,-0.463,78.81,41.61
2043,1,Noah,Texas Tech,Iowa,HOME,2,21.0,2.0,,2,21.0,0.0,0.0,0.0,0.5,0.0,0.0,0.0,0.5,91,45,W,#2 Texas Tech dominated Iowa 91-45; 1101 total yards and 3 Iowa turnovers.,46.0,15.957,13.627,2.33,1.0,17.0,0.4286,0.25,0.1786,,,0.0,5.83,-10.0,86.49,2.68,-0.83,88.33,Strong Control,Championship Gear,False,False,False,False,0.9279,0.7315,0.3215,0.9354,0.4701,0.0,0.4511,-0.1244,12.99,7.315,2.572,4.677,2.115,0.0,1.128,-0.311,75.26,34.0
2043,2,Devin,Bowling Green,Baylor,HOME,1,22.0,1.0,19.0,1,19.0,0.0,0.0,0.0,0.5,0.0,0.0,0.0,0.5,42,13,W,#1 Bowling Green dominated #25 Baylor 42-13; 474 total yards.,29.0,8.172,4.803,3.369,2.0,10.0,0.4286,0.3077,0.1209,,,0.0,1.13,0.0,85.8,2.72,-0.78,87.75,Strong Control,Championship Gear,False,False,False,False,0.7762,0.8735,0.5828,0.7616,0.3323,0.0,0.0942,0.0,10.867,8.735,4.662,3.808,1.495,0.0,0.235,0.0,81.54,1.37
2043,2,Doug,Florida,Indiana,HOME,6,,7.0,,7,,0.0,0.0,0.0,0.5,0.0,0.0,0.0,0.5,42,24,W,#6 Florida handled Indiana 42-24; 504 total yards and 2 Indiana turnovers.,18.0,8.262,7.824,0.439,-1.0,14.0,0.5556,0.4167,0.1389,,,0.0,11.7,-15.0,70.64,3.02,-0.62,73.03,Solid Control,Playoff-Caliber,False,False,False,False,0.5668,0.1737,-0.3215,0.8854,0.3772,0.0,0.7509,-0.1853,7.936,1.737,-2.572,4.427,1.698,0.0,1.877,-0.463,68.97,-3.45
2043,2,Josh,USF,USC,HOME,3,25.0,9.0,,9,25.0,0.0,0.0,0.0,0.5,0.0,0.0,0.0,0.5,63,21,W,#8 USF dominated USC 63-21; 662 total yards and 2 USC turnovers.,42.0,9.594,7.917,1.678,1.0,14.0,0.8333,0.3846,0.4487,,,0.0,9.17,25.0,87.75,2.1,-0.94,88.91,Strong Control,Championship Gear,False,False,False,False,0.9051,0.5856,0.3215,0.8854,0.857,0.0,0.6434,0.3027,12.672,5.856,2.572,4.427,3.857,0.0,1.608,0.757,66.09,27.4
2043,2,Mike,San Jose State,LSU,HOME,8,21.0,10.0,21.0,10,21.0,0.0,0.0,0.0,0.5,0.0,0.0,0.0,0.5,77,10,W,#9 San Jose State dominated LSU 77-10; 658 total yards.,67.0,9.97,5.673,4.297,3.0,16.0,0.8,0.2727,0.5273,,,0.0,0.93,0.0,94.12,2.75,-0.83,96.04,Total Control,Championship Gear,False,False,False,False,0.9834,0.9377,0.7616,0.9217,0.9063,0.0,0.0776,0.0,13.768,9.377,6.093,4.608,4.078,0.0,0.194,0.0,88.34,4.27
2043,2,Nick,Florida State,Arizona State,HOME,4,,5.0,,5,,0.0,0.0,0.0,0.5,0.0,0.0,0.0,0.5,69,17,W,#4 Florida State dominated Arizona State 69-17; 641 total yards.,52.0,7.914,5.714,2.199,0.0,25.0,0.8333,0.125,0.7083,,,0.0,15.33,0.0,87.81,3.76,-0.62,90.95,Total Control,Championship Gear,False,False,False,False,0.9524,0.7063,0.0,0.9866,0.9657,0.0,0.8559,0.0,13.334,7.063,0.0,4.933,4.346,0.0,2.14,0.0,78.21,-1.69
2043,2,Noah,Texas Tech,Washington,AWAY,2,23.0,2.0,,2,23.0,0.0,0.0,0.0,0.5,0.0,0.0,0.0,0.5,63,59,W,#2 Texas Tech defeated Washington 63-59; 707 total yards.,4.0,8.417,10.906,-2.49,1.0,9.0,0.4615,0.5556,-0.094,,,0.0,8.27,5.0,57.01,1.42,2.19,60.62,Solid Control,Good Enough to Win,True,False,False,False,0.1419,-0.7598,0.3215,0.7163,-0.2623,0.0,0.5973,0.0624,1.987,-7.598,2.572,3.581,-1.181,0.0,1.493,0.156,67.76,-27.71
2043,3,Devin,Bowling Green,SMU,HOME,1,,1.0,,1,,0.0,0.0,0.0,0.5,0.0,0.0,0.0,0.5,56,24,W,#1 Bowling Green dominated SMU 56-24; 646 total yards.,32.0,10.767,7.358,3.408,1.0,9.0,0.7778,0.4444,0.3333,,,0.0,5.2,0.0,86.69,3.49,-0.62,89.56,Strong Control,Championship Gear,False,False,False,False,0.8154,0.8771,0.3215,0.7163,0.7409,0.0,0.4081,0.0,11.415,8.771,2.572,3.581,3.334,0.0,1.02,0.0,87.9,1.81
2043,3,Doug,Florida,Iowa,AWAY,6,21.0,6.0,,6,21.0,0.0,0.0,0.0,0.5,0.0,0.0,0.0,0.5,48,7,W,#6 Florida dominated Iowa 48-7.,41.0,8.231,4.02,4.211,0.0,16.0,0.75,0.2308,0.5192,,,0.0,13.73,-30.0,87.72,2.64,2.25,92.61,Total Control,Championship Gear,False,False,False,False,0.8985,0.9334,0.0,0.9217,0.9021,0.0,0.8159,-0.3584,12.579,9.334,0.0,4.608,4.06,0.0,2.04,-0.896,80.71,19.58
2043,3,Josh,USF,Nebraska,AWAY,3,13.0,8.0,3.0,8,3.0,0.0,0.0,0.0,0.5,0.0,0.0,0.0,0.5,49,17,W,#3 USF dominated #13 Nebraska 49-17; 515 total yards.,32.0,6.688,5.897,0.791,1.0,24.0,0.6923,0.3333,0.359,,,0.0,13.4,-15.0,83.0,4.86,2.85,90.7,Total Control,Championship Gear,False,False,False,False,0.8154,0.3062,0.3215,0.9837,0.7722,0.0,0.8064,-0.1853,11.415,3.062,2.572,4.918,3.475,0.0,2.016,-0.463,80.37,1.79
2043,3,Mike,San Jose State,Purdue,AWAY,8,,9.0,,9,,0.0,0.0,0.0,0.5,0.0,0.0,0.0,0.5,91,17,W,#8 San Jose State dominated Purdue 91-17; 817 total yards.,74.0,16.02,5.427,10.593,4.0,5.0,0.5,0.375,0.125,,,0.0,-12.1,-10.0,88.44,3.83,2.5,94.78,Total Control,Championship Gear,False,False,False,False,0.9899,0.9996,0.8701,0.4621,0.3427,0.0,-0.7651,-0.1244,13.859,9.996,6.96,2.311,1.542,0.0,-1.913,-0.311,94.2,-1.26
2043,3,Nick,Florida State,Kentucky,AWAY,4,,4.0,,4,,0.0,0.0,0.0,0.5,0.0,0.0,0.0,0.5,63,3,W,#4 Florida State dominated Kentucky 63-3; 641 total yards.,60.0,9.426,2.893,6.534,-1.0,24.0,0.5,0.25,0.25,,,0.0,6.97,0.0,85.93,3.8,2.5,92.22,Total Control,Championship Gear,False,False,False,False,0.9728,0.9893,-0.3215,0.9837,0.6134,0.0,0.5231,0.0,13.62,9.893,-2.572,4.918,2.76,0.0,1.308,0.0,91.94,1.27
2043,3,Noah,Texas Tech,TCU,HOME,2,,2.0,,2,,0.0,0.0,0.0,0.5,0.0,0.0,0.0,0.5,70,38,W,#2 Texas Tech dominated TCU 70-38; 744 total yards and 4 TCU turnovers.,32.0,16.909,9.265,7.644,3.0,-11.0,0.5714,0.7059,-0.1345,,,0.0,-12.5,10.0,76.18,3.49,-0.62,79.05,Strong Control,Playoff-Caliber,False,False,False,False,0.8154,0.9956,0.7616,-0.8005,-0.3663,0.0,-0.7785,0.1244,11.415,9.956,6.093,-4.002,-1.648,0.0,-1.946,0.311,76.0,18.43
