YEAR,Week,Visitor,Home,Vis Score,Home Score,Visitor Rank,Home Rank,Vis_User,Home_User,Reg Season,Conf Title,Bowl,Natty Game,Status,Kickoff_Time,TV_Broadcast,Source,Visitor Record,Home Record,Bowl_Name
2043,0,Memphis,Eastern Michigan,48,10,,,,,1,0,0,0,FINAL,nan,National,weekly_results,,,
2043,0,Georgia State,Ball State,31,28,,,,,1,0,0,0,FINAL,nan,Regional,weekly_results,,,
2043,0,Temple,Washington State,21,37,,,,,1,0,0,0,FINAL,nan,National,weekly_results,,,
2043,0,FCS Southeast,Iowa,24,45,,,,,1,0,0,0,FINAL,nan,Regional,weekly_results,,,
2043,0,FCS West,Marshall,3,59,,,,,1,0,0,0,FINAL,nan,Regional,weekly_results,,,
2043,0,FCS Midwest,Gate City,33,36,,,,,1,0,0,0,FINAL,nan,Regional,weekly_results,,,
2043,1,Louisiana Tech,UConn,24,23,,,,,1,0,0,0,FINAL,nan,National,full_schedule,,,
2043,1,Bowling Green,Georgia Tech,49,17,1,23,Devin,,1,0,0,0,FINAL,nan,Game of the Week,full_schedule,,,
2043,1,Georgia Southern,Wyoming,35,80,,,,,1,0,0,0,FINAL,nan,National,full_schedule,,,
2043,1,Texas State,Colorado State,16,34,,,,,1,0,0,0,FINAL,nan,National,full_schedule,,,
2043,1,UL Monroe,UTEP,45,24,,,,,1,0,0,0,FINAL,nan,Regional,full_schedule,,,
2043,1,Colorado,Arizona,27,30,,,,,1,0,0,0,FINAL,nan,National,full_schedule,,,
2043,1,UCF,Oregon State,38,24,,,,,1,0,0,0,FINAL,nan,Regional,full_schedule,,,
2043,1,Washington,USC,42,21,,,,,1,0,0,0,FINAL,nan,National,full_schedule,,,
2043,1,Kent State,California,28,52,,,,,1,0,0,0,FINAL,nan,National,full_schedule,,,
2043,1,Central Michigan,Washington State,27,28,,,,,1,0,0,0,FINAL,nan,National,full_schedule,,,
2043,1,Boise State,Delaware,22,19,,,,,1,0,0,0,FINAL,nan,National,full_schedule,,,
2043,1,Florida,Rapid City,31,21,7,16,Doug,,1,0,0,0,FINAL,nan,National,full_schedule,,,
2043,1,Ole Miss,Clemson,49,21,15,,,,1,0,0,0,FINAL,nan,National,full_schedule,,,
2043,1,NC State,USF,35,42,,9,,Josh,1,0,0,0,FINAL,nan,National,full_schedule,,,
2043,1,Pittsburgh,Indiana,38,36,24,,,,1,0,0,0,FINAL,nan,National,full_schedule,,,
2043,1,Texas A&M,North Carolina,55,37,11,,,,1,0,0,0,FINAL,nan,National,full_schedule,,,
2043,1,Death Valley,San Jose State,26,84,10,18,,Mike,1,0,0,0,FINAL,nan,National,full_schedule,,,
2043,1,Oklahoma State,Panama City,24,23,,,,,1,0,0,0,FINAL,nan,National,full_schedule,,,
2043,1,East Carolina,SMU,32,24,,,,,1,0,0,0,FINAL,nan,National,full_schedule,,,
2043,1,Sam Houston,Houston,7,67,,,,,1,0,0,0,FINAL,nan,National,full_schedule,,,
2043,1,UTSA,Western Michigan,41,32,,,,,1,0,0,0,FINAL,nan,National,full_schedule,,,
2043,1,Penn State,Florida State,13,56,,5,,Nick,1,0,0,0,FINAL,nan,Game of the Week,full_schedule,,,
2043,1,UCLA,Alabaster,22,52,,,,,1,0,0,0,FINAL,nan,Game of the Week,full_schedule,,,
2043,1,Eastern Michigan,Michigan,6,28,,,,,1,0,0,0,FINAL,nan,Game of the Week,full_schedule,,,
2043,1,Kennesaw State,Georgia State,19,37,,,,,1,0,0,0,FINAL,nan,Regional,full_schedule,,,
2043,1,Maryland,Miami,17,45,,12,,,1,0,0,0,FINAL,nan,National,full_schedule,,,
2043,1,Marshall,Rice,38,32,,,,,1,0,0,0,FINAL,nan,National,full_schedule,,,
2043,1,Rutgers,Tulane,21,17,,,,,1,0,0,0,FINAL,nan,National,full_schedule,,,
2043,1,Mississippi State,Notre Dame,3,63,,6,,,1,0,0,0,FINAL,nan,National,full_schedule,,,
2043,1,UMass,Air Force,24,52,,,,,1,0,0,0,FINAL,nan,Regional,full_schedule,,,
2043,1,Memphis,Miami University,34,52,,,,,1,0,0,0,FINAL,nan,Game of the Week,full_schedule,,,
2043,1,Boston College,Texas,0,34,,8,,,1,0,0,0,FINAL,nan,Game of the Week,full_schedule,,,
2043,1,Alabama,Oregon,26,41,25,13,,,1,0,0,0,FINAL,nan,Game of the Week,full_schedule,,,
2043,1,James Madison,Michigan State,28,35,,,,,1,0,0,0,FINAL,nan,Game of the Week,full_schedule,,,
2043,1,Ohio,Arkansas State,59,51,,,,,1,0,0,0,FINAL,nan,Game of the Week,full_schedule,,,
2043,1,Iowa,Texas Tech,45,91,,2,,Noah,1,0,0,0,FINAL,nan,Game of the Week,full_schedule,,,
2043,1,Gate City,Utah,41,35,,,,,1,0,0,0,FINAL,nan,National,full_schedule,,,
2043,1,Akron,Purdue,14,35,,,,,1,0,0,0,FINAL,nan,National,full_schedule,,,
2043,1,Stanford,TCU,3,33,,,,,1,0,0,0,FINAL,nan,National,full_schedule,,,
2043,1,Appalachian State,Hawai'i,24,38,,,,,1,0,0,0,FINAL,nan,National,full_schedule,,,
2043,1,Auburn,Wake Forest,52,20,22,,,,1,0,0,0,FINAL,nan,National,full_schedule,,,
2043,1,Western Kentucky,Coastal Carolina,42,32,,,,,1,0,0,0,FINAL,nan,Regional,full_schedule,,,
2043,1,FCS East,Minnesota,7,31,,,,,1,0,0,0,FINAL,nan,Regional,full_schedule,,,
2043,1,FCS Midwest,Fresno State,10,31,,,,,1,0,0,0,FINAL,nan,Regional,full_schedule,,,
2043,1,FCS Northwest,North Texas,7,45,,,,,1,0,0,0,FINAL,nan,Regional,full_schedule,,,
2043,1,FCS Southeast,Wisconsin,17,31,,,,,1,0,0,0,FINAL,nan,Regional,full_schedule,,,
2043,1,FCS West,UNLV,31,27,,,,,1,0,0,0,FINAL,nan,Regional,full_schedule,,,
2043,1,FCS East,Florida International,14,49,,,,,1,0,0,0,FINAL,nan,Regional,full_schedule,,,
2043,1,FCS East,Jacksonville State,14,33,,,,,1,0,0,0,FINAL,nan,Regional,full_schedule,,,
2043,1,FCS Midwest,Kansas,10,48,,,,,1,0,0,0,FINAL,nan,Regional,full_schedule,,,
2043,1,FCS Northwest,Army,14,24,,,,,1,0,0,0,FINAL,nan,Regional,full_schedule,,,
2043,1,FCS Northwest,Arizona State,10,52,,,,,1,0,0,0,FINAL,nan,Regional,full_schedule,,,
2043,1,FCS East,Charlotte,18,42,,,,,1,0,0,0,FINAL,nan,Regional,full_schedule,,,
2043,1,FCS Midwest,Nebraska,3,66,,4,,,1,0,0,0,FINAL,nan,Regional,full_schedule,,,
2043,1,FCS Midwest,Missouri,31,34,,,,,1,0,0,0,FINAL,nan,Regional,full_schedule,,,
2043,1,FCS West,Iowa State,25,27,,,,,1,0,0,0,FINAL,nan,Regional,full_schedule,,,
2043,1,FCS West,Vanderbilt,31,30,,,,,1,0,0,0,FINAL,nan,Regional,full_schedule,,,
2043,1,FCS Southeast,Georgia,7,66,,20,,,1,0,0,0,FINAL,nan,Regional,full_schedule,,,
2043,1,FCS Southeast,Syracuse,7,38,,,,,1,0,0,0,FINAL,nan,Regional,full_schedule,,,
2043,1,FCS Southeast,Old Dominion,27,41,,,,,1,0,0,0,FINAL,nan,Regional,full_schedule,,,
2043,1,FCS Southeast,LSU,10,56,,21,,,1,0,0,0,FINAL,nan,Regional,full_schedule,,,
2043,1,FCS Midwest,Kentucky,14,44,,,,,1,0,0,0,FINAL,nan,Regional,full_schedule,,,
2043,1,FCS Midwest,Ohio State,13,49,,14,,,1,0,0,0,FINAL,nan,Regional,full_schedule,,,
2043,1,FCS West,Arkansas,10,55,,,,,1,0,0,0,FINAL,nan,Regional,full_schedule,,,
2043,1,FCS Northwest,Illinois,10,45,,,,,1,0,0,0,FINAL,nan,Regional,full_schedule,,,
2043,1,FCS Midwest,Middle Tennessee,25,44,,,,,1,0,0,0,FINAL,nan,Regional,full_schedule,,,
2043,1,FCS Northwest,Troy,21,33,,,,,1,0,0,0,FINAL,nan,Regional,full_schedule,,,
2043,1,FCS East,Duke,7,35,,,,,1,0,0,0,FINAL,nan,Regional,full_schedule,,,
2043,1,FCS East,Utah State,10,35,,,,,1,0,0,0,FINAL,nan,Regional,full_schedule,,,
2043,1,FCS Northwest,Kansas State,17,42,,,,,1,0,0,0,FINAL,nan,Regional,full_schedule,,,
2043,1,FCS West,Tennessee,20,41,,,,,1,0,0,0,FINAL,nan,Regional,full_schedule,,,
2043,1,FCS Northwest,Virginia,10,31,,,,,1,0,0,0,FINAL,nan,Regional,full_schedule,,,
2043,1,FCS Midwest,Virginia Tech,9,51,,,,,1,0,0,0,FINAL,nan,Regional,full_schedule,,,
2043,1,FCS West,West Virginia,15,17,,,,,1,0,0,0,FINAL,nan,Regional,full_schedule,,,
2043,1,FCS Southeast,Hammond,3,41,,3,,,1,0,0,0,FINAL,nan,Regional,full_schedule,,,
2043,1,FCS Midwest,Missouri State,31,34,,,,,1,0,0,0,FINAL,nan,Regional,full_schedule,,,
2043,1,FCS East,Liberty,14,45,,,,,1,0,0,0,FINAL,nan,Regional,full_schedule,,,
2043,1,FCS East,South Carolina,9,23,,,,,1,0,0,0,FINAL,nan,Regional,full_schedule,,,
2043,1,FCS West,Louisville,10,41,,,,,1,0,0,0,FINAL,nan,Regional,full_schedule,,,
2043,1,FCS Northwest,New Mexico State,10,38,,,,,1,0,0,0,FINAL,nan,Regional,full_schedule,,,
2043,1,FCS East,Cincinnati,7,42,,,,,1,0,0,0,FINAL,nan,Regional,full_schedule,,,
2043,1,FCS West,Navy,21,52,,,,,1,0,0,0,FINAL,nan,Regional,full_schedule,,,
2043,1,FCS Southeast,Toledo,13,35,,,,,1,0,0,0,FINAL,nan,Regional,full_schedule,,,
2043,1,FCS Midwest,Tulsa,37,29,,,,,1,0,0,0,FINAL,nan,Regional,full_schedule,,,
2043,1,FCS Northwest,Louisiana,42,0,,,,,1,0,0,0,FINAL,nan,Regional,full_schedule,,,
2043,1,FCS East,South Alabama,7,47,,,,,1,0,0,0,FINAL,nan,Regional,full_schedule,,,
2043,1,FCS West,Southern Mississippi,28,59,,,,,1,0,0,0,FINAL,nan,Regional,full_schedule,,,
2043,1,FCS East,BYU,3,49,,17,,,1,0,0,0,FINAL,nan,Regional,full_schedule,,,
2043,1,FCS Southeast,Baylor,10,55,,19,,,1,0,0,0,FINAL,nan,Regional,full_schedule,,,
2043,1,FCS Southeast,Oklahoma,10,40,,,,,1,0,0,0,FINAL,nan,Regional,full_schedule,,,
2043,1,FCS East,San Diego State,0,48,,,,,1,0,0,0,FINAL,nan,Regional,full_schedule,,,
2043,2,Syracuse,Ball State,51,31,,,,,1,0,0,0,FINAL,nan,Regional,full_schedule,,,
2043,2,Sam Houston,Troy,16,41,,,,,1,0,0,0,FINAL,nan,National,full_schedule,,,
2043,2,Coastal Carolina,Oklahoma,17,49,,,,,1,0,0,0,FINAL,nan,National,full_schedule,,,
2043,2,Kentucky,Old Dominion,19,11,,,,,1,0,0,0,FINAL,nan,Regional,full_schedule,,,
2043,2,Arkansas,Kansas State,49,21,,,,,1,0,0,0,FINAL,nan,National,full_schedule,,,
2043,2,Utah State,Washington State,27,38,,,,,1,0,0,0,FINAL,nan,National,full_schedule,,,
2043,2,Arizona,Oklahoma State,21,24,,,,,1,0,0,0,FINAL,nan,National,full_schedule,,,
2043,2,West Virginia,North Texas,24,20,,,,,1,0,0,0,FINAL,nan,National,full_schedule,,,
2043,2,Indiana,Florida,24,42,,6,,Doug,1,0,0,0,FINAL,nan,National,full_schedule,,,
2043,2,Michigan,Stanford,31,27,,,,,1,0,0,0,FINAL,nan,National,full_schedule,,,
2043,2,Panama City,Death Valley,23,6,,,,,1,0,0,0,FINAL,nan,National,full_schedule,,,
2043,2,Hawai'i,Jacksonville State,30,35,,,,,1,0,0,0,FINAL,nan,Regional,full_schedule,,,
2043,2,San Diego State,UTSA,31,34,,,,,1,0,0,0,FINAL,nan,Game of the Week,full_schedule,,,
2043,2,Cincinnati,Marshall,49,52,,,,,1,0,0,0,FINAL,nan,Game of the Week,full_schedule,,,
2043,2,USC,USF,21,63,,8,,Josh,1,0,0,0,FINAL,nan,Game of the Week,full_schedule,,,
2043,2,Boston College,Toledo,6,10,,,,,1,0,0,0,FINAL,nan,Game of the Week,full_schedule,,,
2043,2,Clemson,Georgia,17,23,,17,,,1,0,0,0,FINAL,nan,Game of the Week,full_schedule,,,
2043,2,Baylor,Bowling Green,13,42,25,1,,Devin,1,0,0,0,FINAL,nan,National,full_schedule,,,
2043,2,Purdue,Missouri,31,17,,,,,1,0,0,0,FINAL,nan,National,full_schedule,,,
2043,2,Virginia,Kent State,38,20,,,,,1,0,0,0,FINAL,nan,Regional,full_schedule,,,
2043,2,Akron,Arkansas State,53,31,,,,,1,0,0,0,FINAL,nan,Regional,full_schedule,,,
2043,2,Middle Tennessee,UL Monroe,41,38,,,,,1,0,0,0,FINAL,nan,National,full_schedule,,,
2043,2,Alabama,Duke,21,45,,,,,1,0,0,0,FINAL,nan,National,full_schedule,,,
2043,2,Oregon,Ohio State,42,7,11,20,,,1,0,0,0,FINAL,nan,National,full_schedule,,,
2043,2,California,Louisiana,29,36,,,,,1,0,0,0,FINAL,nan,National,full_schedule,,,
2043,2,Nebraska,Michigan State,48,21,3,,,,1,0,0,0,FINAL,nan,National,full_schedule,,,
2043,2,Illinois,Wisconsin,19,34,,,,,1,0,0,0,FINAL,nan,National,full_schedule,,,
2043,2,North Carolina,Tulsa,38,31,,,,,1,0,0,0,FINAL,nan,National,full_schedule,,,
2043,2,South Carolina,Navy,16,20,,,,,1,0,0,0,FINAL,nan,National,full_schedule,,,
2043,2,Louisville,Wyoming,26,45,,23,,,1,0,0,0,FINAL,nan,National,full_schedule,,,
2043,2,Tulane,Oregon State,32,44,,,,,1,0,0,0,FINAL,nan,Regional,full_schedule,,,
2043,2,Arizona State,Florida State,17,69,,4,,Nick,1,0,0,0,FINAL,nan,National,full_schedule,,,
2043,2,James Madison,Miami,23,49,,12,,,1,0,0,0,FINAL,nan,National,full_schedule,,,
2043,2,Wake Forest,Kennesaw State,52,31,,,,,1,0,0,0,FINAL,nan,National,full_schedule,,,
2043,2,Iowa,Iowa State,37,35,,,,,1,0,0,0,FINAL,nan,National,full_schedule,,,
2043,2,Kansas,Alabaster,27,44,,,,,1,0,0,0,FINAL,nan,National,full_schedule,,,
2043,2,Texas Tech,Washington,63,59,2,,Noah,,1,0,0,0,FINAL,nan,National,full_schedule,,,
2043,2,Auburn,Penn State,17,27,,,,,1,0,0,0,FINAL,nan,National,full_schedule,,,
2043,2,UTEP,NC State,17,56,,24,,,1,0,0,0,FINAL,nan,National,full_schedule,,,
2043,2,LSU,San Jose State,10,77,,9,,Mike,1,0,0,0,FINAL,nan,National,full_schedule,,,
2043,2,BYU,Colorado State,37,7,15,,,,1,0,0,0,FINAL,nan,National,full_schedule,,,
2043,2,Minnesota,Appalachian State,42,35,,,,,1,0,0,0,FINAL,nan,National,full_schedule,,,
2043,2,Rapid City,Gate City,17,45,16,,,,1,0,0,0,FINAL,nan,National,full_schedule,,,
2043,2,Charlotte,UMass,16,20,,,,,1,0,0,0,FINAL,nan,Regional,full_schedule,,,
2043,2,UNLV,Notre Dame,0,42,,5,,,1,0,0,0,FINAL,nan,National,full_schedule,,,
2043,2,Hammond,Tennessee,10,34,14,21,,,1,0,0,0,FINAL,nan,National,full_schedule,,,
2043,2,UCF,Liberty,20,34,,,,,1,0,0,0,FINAL,nan,National,full_schedule,,,
2043,2,FCS Northwest,Texas State,12,27,,,,,1,0,0,0,FINAL,nan,Regional,full_schedule,,,
2043,2,FCS Southeast,Air Force,9,38,,,,,1,0,0,0,FINAL,nan,Regional,full_schedule,,,
2043,2,FCS Southeast,Louisiana Tech,17,52,,,,,1,0,0,0,FINAL,nan,Regional,full_schedule,,,
2043,2,FCS Midwest,UConn,13,37,,,,,1,0,0,0,FINAL,nan,Regional,full_schedule,,,
2043,2,FCS Northwest,Georgia Southern,17,49,,,,,1,0,0,0,FINAL,nan,Regional,full_schedule,,,
2043,2,FCS Northwest,Northwestern,17,42,,,,,1,0,0,0,FINAL,nan,Regional,full_schedule,,,
2043,2,FCS Midwest,Ole Miss,3,42,,13,,,1,0,0,0,FINAL,nan,Regional,full_schedule,,,
2043,2,FCS West,Georgia Tech,3,48,,19,,,1,0,0,0,FINAL,nan,Regional,full_schedule,,,
2043,2,FCS West,East Carolina,21,38,,,,,1,0,0,0,FINAL,nan,Regional,full_schedule,,,
2043,2,FCS Northwest,Texas,0,58,,7,,,1,0,0,0,FINAL,nan,Regional,full_schedule,,,
2043,2,FCS West,Western Kentucky,33,38,,,,,1,0,0,0,FINAL,nan,Regional,full_schedule,,,
2043,2,FCS Southeast,Maryland,0,38,,,,,1,0,0,0,FINAL,nan,Regional,full_schedule,,,
2043,2,FCS Southeast,Boise State,17,18,,,,,1,0,0,0,FINAL,nan,Regional,full_schedule,,,
2043,2,FCS Northwest,Miami University,23,41,,,,,1,0,0,0,FINAL,nan,Regional,full_schedule,,,
2043,2,FCS Midwest,Texas A&M,0,80,,10,,,1,0,0,0,FINAL,nan,Regional,full_schedule,,,
2043,2,FCS Northwest,Temple,14,36,,,,,1,0,0,0,FINAL,nan,Regional,full_schedule,,,
2043,2,FCS Southeast,Pittsburgh,6,49,,18,,,1,0,0,0,FINAL,nan,Regional,full_schedule,,,
2043,2,FCS Midwest,Georgia State,41,26,,,,,1,0,0,0,FINAL,nan,Regional,full_schedule,,,
2043,2,FCS East,Utah,34,37,,,,,1,0,0,0,FINAL,nan,Regional,full_schedule,,,
2043,2,FCS Northwest,Colorado,7,45,,,,,1,0,0,0,FINAL,nan,Regional,full_schedule,,,
2043,2,FCS Midwest,South Alabama,7,41,,,,,1,0,0,0,FINAL,nan,Regional,full_schedule,,,
2043,2,FCS Midwest,Eastern Michigan,21,45,,,,,1,0,0,0,FINAL,nan,Regional,full_schedule,,,
2043,2,FCS West,Central Michigan,17,41,,,,,1,0,0,0,FINAL,nan,nan,full_schedule,,,
2043,2,FCS Southeast,Rutgers,16,35,,,,,1,0,0,0,FINAL,nan,Regional,full_schedule,,,
2043,2,FCS Northwest,Memphis,10,38,,,,,1,0,0,0,FINAL,nan,Regional,full_schedule,,,
2043,2,FCS Southeast,Delaware,14,31,,,,,1,0,0,0,FINAL,nan,Regional,full_schedule,,,
2043,3,Colorado State,Fresno State,38,32,,,,,1,0,0,0,FINAL,nan,National,full_schedule,,,
2043,3,UNLV,Charlotte,34,26,,,,,1,0,0,0,FINAL,nan,Regional,full_schedule,,,
2043,3,Kansas State,Death Valley,63,10,,,,,1,0,0,0,FINAL,nan,National,full_schedule,,,
2043,3,Auburn,South Carolina,27,16,,,,,1,0,0,0,FINAL,nan,National,full_schedule,,,
2043,3,Central Michigan,Georgia Southern,28,19,,,,,1,0,0,0,FINAL,nan,National,full_schedule,,,
2043,3,Miami University,East Carolina,16,37,,,,,1,0,0,0,FINAL,nan,National,full_schedule,,,
2043,3,Colorado,Baylor,20,34,,22,,,1,0,0,0,FINAL,nan,National,full_schedule,,,
2043,3,Ohio State,Missouri,31,24,18,,,,1,0,0,0,FINAL,nan,National,full_schedule,,,
2043,3,Northwestern,Vanderbilt,34,52,,,,,1,0,0,0,FINAL,nan,Regional,full_schedule,,,
2043,3,Louisville,Western Kentucky,23,7,,,,,1,0,0,0,FINAL,nan,National,full_schedule,,,
2043,3,Texas State,Pittsburgh,19,38,,15,,,1,0,0,0,FINAL,nan,National,full_schedule,,,
2043,3,Wisconsin,Michigan State,27,17,,,,,1,0,0,0,FINAL,nan,National,full_schedule,,,
2043,3,TCU,Texas Tech,38,70,,2,,Noah,1,0,0,0,FINAL,nan,National,full_schedule,,,
2043,3,Houston,UConn,17,37,,,,,1,0,0,0,FINAL,nan,National,full_schedule,,,
2043,3,Washington State,Washington,23,41,,,,,1,0,0,0,FINAL,nan,National,full_schedule,,,
2043,3,Army,Virginia Tech,10,44,,,,,1,0,0,0,FINAL,nan,National,full_schedule,,,
2043,3,Tennessee,Rutgers,34,16,17,,,,1,0,0,0,FINAL,nan,National,full_schedule,,,
2043,3,Navy,Memphis,42,49,,,,,1,0,0,0,FINAL,nan,National,full_schedule,,,
2043,3,Florida,Iowa,48,7,6,,Doug,,1,0,0,0,FINAL,nan,National,full_schedule,,,
2043,3,San Jose State,Purdue,91,17,8,,Mike,,1,0,0,0,FINAL,nan,National,full_schedule,,,
2043,3,Troy,Middle Tennessee,42,14,,,,,1,0,0,0,FINAL,nan,National,full_schedule,,,
2043,3,UTSA,Wake Forest,20,34,,,,,1,0,0,0,FINAL,nan,National,full_schedule,,,
2043,3,USC,Illinois,49,31,,,,,1,0,0,0,FINAL,nan,National,full_schedule,,,
2043,3,Boston College,San Diego State,20,27,,,,,1,0,0,0,FINAL,nan,National,full_schedule,,,
2043,3,Hammond,Arizona State,28,41,,,,,1,0,0,0,FINAL,nan,National,full_schedule,,,
2043,3,SMU,Bowling Green,24,56,,1,,Devin,1,0,0,0,FINAL,nan,National,full_schedule,,,
2043,3,Liberty,Ball State,28,45,,,,,1,0,0,0,FINAL,nan,Regional,full_schedule,,,
2043,3,Wyoming,LSU,20,27,,,,,1,0,0,0,FINAL,nan,National,full_schedule,,,
2043,3,North Texas,California,17,24,,,,,1,0,0,0,FINAL,nan,National,full_schedule,,,
2043,3,Toledo,Western Michigan,13,32,,,,,1,0,0,0,FINAL,nan,National,full_schedule,,,
2043,3,West Virginia,Iowa State,24,31,,,,,1,0,0,0,FINAL,nan,National,full_schedule,,,
2043,3,Rapid City,BYU,13,17,20,14,,,1,0,0,0,FINAL,nan,National,full_schedule,,,
2043,3,Boise State,Ohio,28,33,,,,,1,0,0,0,FINAL,nan,National,full_schedule,,,
2043,3,New Mexico State,Kennesaw State,14,33,,,,,1,0,0,0,FINAL,nan,National,full_schedule,,,
2043,3,Florida State,Kentucky,63,3,4,,Nick,,1,0,0,0,FINAL,nan,National,full_schedule,,,
2043,3,Jacksonville State,Alabama,10,48,,,,,1,0,0,0,FINAL,nan,National,full_schedule,,,
2043,3,Tulsa,Missouri State,23,25,,,,,1,0,0,0,FINAL,nan,National,full_schedule,,,
2043,3,Georgia,Texas,10,40,24,7,,,1,0,0,0,FINAL,nan,National,full_schedule,,,
2043,3,Penn State,Maryland,24,63,,,,,1,0,0,0,FINAL,nan,National,full_schedule,,,
2043,3,Kent State,Texas A&M,14,39,,9,,,1,0,0,0,FINAL,nan,National,full_schedule,,,
2043,3,UMass,Rice,24,35,,,,,1,0,0,0,FINAL,nan,Regional,full_schedule,,,
2043,3,USF,Nebraska,49,17,3,13,Josh,,1,0,0,0,FINAL,nan,National,full_schedule,,,
2043,3,Arizona,Gate City,34,31,,,,,1,0,0,0,FINAL,nan,National,full_schedule,,,
2043,3,Oregon State,Oregon,0,56,,10,,,1,0,0,0,FINAL,nan,National,full_schedule,,,
2043,3,Syracuse,Louisiana Tech,45,10,,,,,1,0,0,0,FINAL,nan,National,full_schedule,,,
2043,3,Panama City,Florida International,34,27,23,,,,1,0,0,0,FINAL,nan,National,full_schedule,,,
2043,3,Utah,Kansas,23,41,,,,,1,0,0,0,FINAL,nan,National,full_schedule,,,
2043,3,Duke,South Alabama,52,6,,,,,1,0,0,0,FINAL,nan,National,full_schedule,,,
2043,3,Eastern Michigan,Temple,45,31,,,,,1,0,0,0,FINAL,nan,National,full_schedule,,,
2043,3,Southern Mississippi,Akron,44,13,,,,,1,0,0,0,FINAL,nan,National,full_schedule,,,
2043,3,FCS West,UCF,14,45,,,,,1,0,0,0,FINAL,nan,Regional,full_schedule,,,
2043,3,FCS Midwest,UTEP,34,37,,,,,1,0,0,0,FINAL,nan,nan,full_schedule,,,
2043,3,FCS East,Sam Houston,27,35,,,,,1,0,0,0,FINAL,nan,Regional,full_schedule,,,
2043,3,FCS West,Stanford,31,48,,,,,1,0,0,0,FINAL,nan,Regional,full_schedule,,,
2043,3,FCS West,Arkansas State,7,48,,,,,1,0,0,0,FINAL,nan,Regional,full_schedule,,,
2043,3,FCS Southeast,Hawai'i,22,41,,,,,1,0,0,0,FINAL,nan,Regional,full_schedule,,,
2043,3,FCS East,Oklahoma State,10,17,,25,,,1,0,0,0,FINAL,nan,Regional,full_schedule,,,
2043,3,FCS Northwest,Alabaster,0,41,,,,,1,0,0,0,FINAL,nan,Regional,full_schedule,,,
2043,3,FCS East,Mississippi State,14,42,,,,,1,0,0,0,FINAL,nan,Regional,full_schedule,,,
2043,3,FCS Northwest,UCLA,7,28,,19,,,1,0,0,0,FINAL,nan,Regional,full_schedule,,,
2043,3,FCS West,Indiana,6,45,,,,,1,0,0,0,FINAL,nan,Regional,full_schedule,,,
2043,3,FCS Northwest,Notre Dame,10,38,,5,,,1,0,0,0,FINAL,nan,Regional,full_schedule,,,
2043,3,FCS East,James Madison,14,38,,,,,1,0,0,0,FINAL,nan,Regional,full_schedule,,,
2043,3,FCS East,Marshall,0,30,,,,,1,0,0,0,FINAL,nan,Regional,full_schedule,,,
2043,3,FCS Southeast,Appalachian State,19,39,,,,,1,0,0,0,FINAL,nan,Regional,full_schedule,,,
2043,3,FCS Northwest,Michigan,0,55,,,,,1,0,0,0,FINAL,nan,Regional,full_schedule,,,
2043,3,FCS Midwest,North Carolina,10,66,,,,,1,0,0,0,FINAL,nan,Regional,full_schedule,,,
2043,3,FCS Northwest,UL Monroe,17,48,,,,,1,0,0,0,FINAL,nan,Regional,full_schedule,,,
2043,3,FCS Midwest,Coastal Carolina,17,38,,,,,1,0,0,0,FINAL,nan,Regional,full_schedule,,,
2043,3,FCS East,NC State,0,52,,21,,,1,0,0,0,FINAL,nan,Regional,full_schedule,,,
2043,3,FCS Midwest,Miami,14,63,,11,,,1,0,0,0,FINAL,nan,Regional,full_schedule,,,
2043,3,FCS East,Tulane,14,20,,,,,1,0,0,0,FINAL,nan,Regional,full_schedule,,,
2043,4,Ole Miss,Oklahoma,17,31,16,21,,,1,0,0,0,FINAL,nan,National,full_schedule,,,
2043,4,Tennessee,Texas A&M,45,47,19,9,,,1,0,0,0,FINAL,nan,National,full_schedule,,,
2043,4,Bowling Green,Georgia,56,7,1,,Devin,,1,0,0,0,FINAL,nan,National,full_schedule,,,
2043,4,Arkansas State,Vanderbilt,24,16,,,,,1,0,0,0,FINAL,nan,Regional,full_schedule,,,
2043,4,Indiana,Kentucky,35,30,,,,,1,0,0,0,FINAL,nan,National,full_schedule,,,
2043,4,Louisiana Tech,Sam Houston,21,24,,,,,1,0,0,0,FINAL,nan,National,full_schedule,,,
2043,4,Rutgers,Hawai'i,21,7,,,,,1,0,0,0,FINAL,nan,National,full_schedule,,,
2043,4,Virginia Tech,UCF,38,23,,,,,1,0,0,0,FINAL,nan,National,full_schedule,,,
2043,4,Arkansas,California,26,27,,,,,1,0,0,0,FINAL,nan,National,full_schedule,,,
2043,4,Purdue,Penn State,27,55,,,,,1,0,0,0,FINAL,nan,National,full_schedule,,,
2043,4,Utah,Panama City,25,35,,17,,,1,0,0,0,FINAL,nan,National,full_schedule,,,
2043,4,Charlotte,Tulsa,30,38,,,,,1,0,0,0,FINAL,nan,National,full_schedule,,,
2043,4,Maryland,Michigan,31,28,,,,,1,0,0,0,FINAL,nan,National,full_schedule,,,
2043,4,Florida State,South Carolina,42,0,4,,Nick,,1,0,0,0,FINAL,nan,National,full_schedule,,,
2043,4,New Mexico State,Missouri State,43,25,,,,,1,0,0,0,FINAL,nan,National,full_schedule,,,
2043,4,Arizona State,Rapid City,27,20,,,,,1,0,0,0,FINAL,nan,National,full_schedule,,,
2043,4,Western Michigan,Iowa State,35,6,,,,,1,0,0,0,FINAL,nan,Regional,full_schedule,,,
2043,4,Tulane,South Alabama,30,13,,,,,1,0,0,0,FINAL,nan,National,full_schedule,,,
2043,4,USC,Wisconsin,17,31,,,,,1,0,0,0,FINAL,nan,National,full_schedule,,,
2043,4,Washington,Florida,14,42,,6,,Doug,1,0,0,0,FINAL,nan,National,full_schedule,,,
2043,4,Old Dominion,UConn,31,19,,,,,1,0,0,0,FINAL,nan,National,full_schedule,,,
2043,4,BYU,TCU,28,42,20,,,,1,0,0,0,FINAL,nan,National,full_schedule,,,
2043,4,Rice,Virginia,14,35,,,,,1,0,0,0,FINAL,nan,National,full_schedule,,,
2043,4,Hammond,Kansas State,3,52,,,,,1,0,0,0,FINAL,nan,National,full_schedule,,,
2043,4,Oregon,Nebraska,31,37,12,10,,,1,0,0,0,FINAL,nan,Game of the Week,full_schedule,,,
2043,4,Ball State,Central Michigan,17,41,,,,,1,0,0,0,FINAL,nan,Regional,full_schedule,,,
2043,4,Clemson,Duke,52,37,,,,,1,0,0,0,FINAL,nan,National,full_schedule,,,
2043,4,NC State,Louisville,38,0,14,,,,1,0,0,0,FINAL,nan,National,full_schedule,,,
2043,4,Syracuse,North Carolina,6,45,,,,,1,0,0,0,FINAL,nan,National,full_schedule,,,
2043,4,Pittsburgh,Stanford,28,35,,,,,1,0,0,0,FINAL,nan,National,full_schedule,,,
2043,4,Georgia Southern,Western Kentucky,10,31,,,,,1,0,0,0,FINAL,nan,National,full_schedule,,,
2043,4,East Carolina,North Texas,26,21,,,,,1,0,0,0,FINAL,nan,National,full_schedule,,,
2043,4,Alabaster,Oklahoma State,28,63,,18,,,1,0,0,0,FINAL,nan,National,full_schedule,,,
2043,4,Air Force,Colorado State,20,21,,,,,1,0,0,0,FINAL,nan,National,full_schedule,,,
2043,4,Army,Temple,41,25,,,,,1,0,0,0,FINAL,nan,National,full_schedule,,,
2043,4,Texas,West Virginia,41,40,7,,,,1,0,0,0,FINAL,nan,National,full_schedule,,,
2043,4,Liberty,UTEP,14,32,,,,,1,0,0,0,FINAL,nan,Regional,full_schedule,,,
2043,4,UNLV,San Diego State,21,42,,22,,,1,0,0,0,FINAL,nan,National,full_schedule,,,
2043,4,Notre Dame,Southern Mississippi,47,24,5,,,,1,0,0,0,FINAL,nan,National,full_schedule,,,
2043,4,Miami,Georgia Tech,38,24,11,24,,,1,0,0,0,FINAL,nan,National,full_schedule,,,
2043,4,Missouri,Wyoming,49,6,,,,,1,0,0,0,FINAL,nan,National,full_schedule,,,
2043,4,Toledo,Ohio,44,52,,,,,1,0,0,0,FINAL,nan,National,full_schedule,,,
2043,4,UL Monroe,Delaware,3,37,,,,,1,0,0,0,FINAL,nan,National,full_schedule,,,
2043,4,Houston,Boise State,24,20,,,,,1,0,0,0,FINAL,nan,National,full_schedule,,,
2043,4,Navy,UTSA,24,14,,,,,1,0,0,0,FINAL,nan,National,full_schedule,,,
2043,4,Minnesota,Iowa,3,34,,,,,1,0,0,0,FINAL,nan,National,full_schedule,,,
2043,4,Ohio State,San Jose State,17,52,,8,,Mike,1,0,0,0,FINAL,nan,National,full_schedule,,,
2043,4,Gate City,Baylor,14,45,,15,,,1,0,0,0,FINAL,nan,National,full_schedule,,,
2043,4,Coastal Carolina,UCLA,17,38,,13,,,1,0,0,0,FINAL,nan,National,full_schedule,,,
2043,4,Memphis,Mississippi State,35,13,,,,,1,0,0,0,FINAL,nan,National,full_schedule,,,
2043,4,Utah State,Cincinnati,27,48,,,,,1,0,0,0,FINAL,nan,Regional,full_schedule,,,
2043,4,Florida International,Middle Tennessee,42,45,,,,,1,0,0,0,FINAL,nan,National,full_schedule,,,
2043,4,Kansas,Arizona,14,21,,,,,1,0,0,0,FINAL,nan,National,full_schedule,,,
2043,4,Louisiana,Fresno State,21,48,,,,,1,0,0,0,FINAL,nan,National,full_schedule,,,
2043,4,FCS East,Northwestern,7,28,,,,,1,0,0,0,FINAL,nan,Regional,full_schedule,,,
2043,4,FCS East,Boston College,7,40,,,,,1,0,0,0,FINAL,nan,Regional,full_schedule,,,
2043,4,FCS West,Michigan State,7,55,,,,,1,0,0,0,FINAL,nan,Regional,full_schedule,,,
2043,4,FCS West,UMass,20,45,,,,,1,0,0,0,FINAL,nan,Regional,full_schedule,,,
2043,4,FCS Northwest,Akron,14,34,,,,,1,0,0,0,FINAL,nan,Regional,full_schedule,,,
2043,4,FCS West,Wake Forest,20,41,,,,,1,0,0,0,FINAL,nan,Regional,full_schedule,,,
2043,4,FCS Northwest,Kent State,7,31,,,,,1,0,0,0,FINAL,nan,National,full_schedule,,,
2043,4,FCS Midwest,Alabama,7,80,,,,,1,0,0,0,FINAL,nan,Regional,full_schedule,,,
2043,4,FCS Midwest,Auburn,0,70,,,,,1,0,0,0,FINAL,nan,Regional,full_schedule,,,
2043,4,FCS Northwest,SMU,10,52,,,,,1,0,0,0,FINAL,nan,Regional,full_schedule,,,
2043,4,FCS West,Oregon State,27,41,,,,,1,0,0,0,FINAL,nan,Regional,full_schedule,,,
2043,4,FCS East,Washington State,10,35,,,,,1,0,0,0,FINAL,nan,Regional,full_schedule,,,
2043,5,Michigan,Minnesota,38,0,25,,,,1,0,0,0,FINAL,nan,National,full_schedule,,,
2043,5,Alabama,Oklahoma,35,21,,25,,,1,0,0,0,FINAL,nan,National,full_schedule,,,
2043,5,Air Force,Navy,35,29,,,,,1,0,0,0,FINAL,nan,National,full_schedule,,,
2043,5,Ole Miss,LSU,23,20,15,,,,1,0,0,0,FINAL,nan,National,full_schedule,,,
2043,5,Middle Tennessee,Western Kentucky,30,27,,,,,1,0,0,0,FINAL,nan,National,full_schedule,,,
2043,5,South Carolina,Missouri,34,16,,,,,1,0,0,0,FINAL,nan,Regional,full_schedule,,,
2043,5,Texas A&M,Miami University,49,10,9,,,,1,0,0,0,FINAL,nan,National,full_schedule,,,
2043,5,Virginia,Charlotte,48,17,,,,,1,0,0,0,FINAL,nan,National,full_schedule,,,
2043,5,Death Valley,Hammond,35,21,20,,,,1,0,0,0,FINAL,nan,National,full_schedule,,,
2043,5,Coastal Carolina,Marshall,37,40,,,,,1,0,0,0,FINAL,nan,National,full_schedule,,,
2043,5,South Alabama,Georgia Southern,0,35,,,,,1,0,0,0,FINAL,nan,National,full_schedule,,,
2043,5,Louisville,Miami,13,41,,10,,,1,0,0,0,FINAL,nan,National,full_schedule,,,
2043,5,Colorado,BYU,31,28,,,,,1,0,0,0,FINAL,nan,National,full_schedule,,,
2043,5,Texas,Auburn,31,28,8,,,,1,0,0,0,FINAL,nan,National,full_schedule,,,
2043,5,Iowa State,Eastern Michigan,10,45,,,,,1,0,0,0,FINAL,nan,Regional,full_schedule,,,
2043,5,Kansas State,Rapid City,31,45,,,,,1,0,0,0,FINAL,nan,National,full_schedule,,,
2043,5,Texas Tech,USC,70,42,2,,Noah,,1,0,0,0,FINAL,nan,National,full_schedule,,,
2043,5,Virginia Tech,Georgia Tech,42,32,,,,,1,0,0,0,FINAL,nan,National,full_schedule,,,
2043,5,Louisiana,Georgia State,52,10,,,,,1,0,0,0,FINAL,nan,National,full_schedule,,,
2043,5,UL Monroe,Southern Mississippi,41,38,,,,,1,0,0,0,FINAL,nan,National,full_schedule,,,
2043,5,Iowa,Wisconsin,38,31,,,,,1,0,0,0,FINAL,nan,National,full_schedule,,,
2043,5,New Mexico State,Gate City,31,27,,,,,1,0,0,0,FINAL,nan,National,full_schedule,,,
2043,5,Panama City,Florida State,7,56,23,4,,Nick,1,0,0,0,FINAL,nan,National,full_schedule,,,
2043,5,West Virginia,Toledo,56,13,,,,,1,0,0,0,FINAL,nan,National,full_schedule,,,
2043,5,North Texas,Army,34,31,,,,,1,0,0,0,FINAL,nan,National,full_schedule,,,
2043,5,Oregon State,Louisiana Tech,28,20,,,,,1,0,0,0,FINAL,nan,National,full_schedule,,,
2043,5,Arkansas State,Northwestern,38,56,,,,,1,0,0,0,FINAL,nan,Regional,full_schedule,,,
2043,5,SMU,Arkansas,44,56,,,,,1,0,0,0,FINAL,nan,National,full_schedule,,,
2043,5,Florida,Illinois,52,7,6,,Doug,,1,0,0,0,FINAL,nan,National,full_schedule,,,
2043,5,Akron,Central Michigan,30,33,,,,,1,0,0,0,FINAL,nan,Regional,full_schedule,,,
2043,5,UCF,North Carolina,10,54,,,,,1,0,0,0,FINAL,nan,National,full_schedule,,,
2043,5,USF,Georgia,49,14,3,,Josh,,1,0,0,0,FINAL,nan,National,full_schedule,,,
2043,5,Tulane,Tulsa,42,38,,,,,1,0,0,0,FINAL,nan,National,full_schedule,,,
2043,5,Boston College,NC State,21,48,,13,,,1,0,0,0,FINAL,nan,National,full_schedule,,,
2043,5,Pittsburgh,Vanderbilt,35,10,22,,,,1,0,0,0,FINAL,nan,National,full_schedule,,,
2043,5,Temple,East Carolina,42,43,,24,,,1,0,0,0,FINAL,nan,National,full_schedule,,,
2043,5,Appalachian State,Texas State,44,21,,,,,1,0,0,0,FINAL,nan,Regional,full_schedule,,,
2043,5,Nebraska,San Jose State,42,54,19,7,,Mike,1,0,0,0,FINAL,nan,Game of the Week,full_schedule,,,
2043,5,Cincinnati,UNLV,21,14,,,,,1,0,0,0,FINAL,nan,Regional,full_schedule,,,
2043,5,UMass,Old Dominion,27,34,,,,,1,0,0,0,FINAL,nan,Regional,full_schedule,,,
2043,5,Penn State,Ohio State,49,24,,,,,1,0,0,0,FINAL,nan,National,full_schedule,,,
2043,5,Duke,Syracuse,38,56,,,,,1,0,0,0,FINAL,nan,National,full_schedule,,,
2043,5,Troy,James Madison,49,28,,,,,1,0,0,0,FINAL,nan,National,full_schedule,,,
2043,5,Baylor,Kansas,41,34,14,,,,1,0,0,0,FINAL,nan,National,full_schedule,,,
2043,5,Kentucky,Tennessee,28,6,,17,,,1,0,0,0,FINAL,nan,National,full_schedule,,,
2043,5,Wake Forest,UCLA,14,52,,12,,,1,0,0,0,FINAL,nan,National,full_schedule,,,
2043,5,Jacksonville State,Florida International,14,52,,,,,1,0,0,0,FINAL,nan,Regional,full_schedule,,,
2043,5,Delaware,Missouri State,3,41,,,,,1,0,0,0,FINAL,nan,Game of the Week,full_schedule,,,
2043,5,San Diego State,Mississippi State,52,34,18,,,,1,0,0,0,FINAL,nan,Game of the Week,full_schedule,,,
2043,5,Fresno State,Utah State,38,6,,,,,1,0,0,0,FINAL,nan,Game of the Week,full_schedule,,,
2043,5,Indiana,Maryland,41,38,,,,,1,0,0,0,FINAL,nan,Game of the Week,full_schedule,,,
2043,5,UConn,Hawai'i,41,17,,,,,1,0,0,0,FINAL,nan,Regional,full_schedule,,,
2043,5,Rutgers,Boise State,24,21,,,,,1,0,0,0,FINAL,nan,Game of the Week,full_schedule,,,
2043,5,UTEP,Sam Houston,26,24,,,,,1,0,0,0,FINAL,nan,Regional,full_schedule,,,
2043,5,Oklahoma State,Utah,38,7,16,,,,1,0,0,0,FINAL,nan,Game of the Week,full_schedule,,,
2043,5,Notre Dame,Washington State,56,7,5,,,,1,0,0,0,FINAL,nan,Game of the Week,full_schedule,,,
2043,5,FCS Southeast,Colorado State,7,13,,,,,1,0,0,0,FINAL,nan,Regional,full_schedule,,,
2043,5,FCS West,TCU,6,65,,,,,1,0,0,0,FINAL,nan,Regional,full_schedule,,,
2043,5,FCS Northwest,Clemson,0,66,,,,,1,0,0,0,FINAL,nan,Regional,full_schedule,,,
2043,5,FCS Midwest,Wyoming,0,79,,21,,,1,0,0,0,FINAL,nan,Regional,full_schedule,,,
2043,5,FCS West,Washington,14,58,,,,,1,0,0,0,FINAL,nan,Regional,full_schedule,,,
2043,5,FCS East,Purdue,10,56,,,,,1,0,0,0,FINAL,nan,Regional,full_schedule,,,
2043,5,FCS Midwest,Kennesaw State,24,27,,,,,1,0,0,0,FINAL,nan,Regional,full_schedule,,,
2043,5,FCS East,Western Michigan,7,35,,,,,1,0,0,0,FINAL,nan,Regional,full_schedule,,,
2043,5,FCS Northwest,Houston,6,45,,,,,1,0,0,0,FINAL,nan,Regional,full_schedule,,,
2043,5,FCS West,Rice,10,34,,,,,1,0,0,0,FINAL,nan,Regional,full_schedule,,,
2043,5,FCS Northwest,Ball State,55,17,,,,,1,0,0,0,FINAL,nan,nan,full_schedule,,,
2043,5,FCS West,UTSA,34,24,,,,,1,0,0,0,FINAL,nan,Regional,full_schedule,,,
2043,5,FCS Northwest,California,38,7,,,,,1,0,0,0,FINAL,nan,Regional,full_schedule,,,
2043,5,FCS East,Ohio,7,31,,,,,1,0,0,0,FINAL,nan,Regional,full_schedule,,,
2043,5,FCS West,Oregon,5,30,,11,,,1,0,0,0,FINAL,nan,Regional,full_schedule,,,
2043,5,FCS East,Arizona,10,31,,,,,1,0,0,0,FINAL,nan,Regional,full_schedule,,,
2043,6,East Carolina,UTSA,62,21,20,,,,1,0,0,0,FINAL,nan,National,full_schedule,,,
2043,6,Ohio,Kent State,27,31,,,,,1,0,0,0,FINAL,nan,National,full_schedule,,,
2043,6,Minnesota,Indiana,31,27,,,,,1,0,0,0,FINAL,nan,National,full_schedule,,,
2043,6,Panama City,Alabaster,48,25,18,,,,1,0,0,0,FINAL,nan,National,full_schedule,,,
2043,6,Gate City,Kansas State,24,34,,,,,1,0,0,0,FINAL,nan,National,full_schedule,,,
2043,6,Arkansas,Pittsburgh,24,59,,17,,,1,0,0,0,FINAL,nan,National,full_schedule,,,
2043,6,Utah,Liberty,42,28,,,,,1,0,0,0,FINAL,nan,Regional,full_schedule,,,
2043,6,Mississippi State,Boise State,20,17,,,,,1,0,0,0,FINAL,nan,National,full_schedule,,,
2043,6,Troy,UL Monroe,40,17,,,,,1,0,0,0,FINAL,nan,National,full_schedule,,,
2043,6,Missouri State,Florida International,31,17,,,,,1,0,0,0,FINAL,nan,National,full_schedule,,,
2043,6,Arizona,Notre Dame,24,45,,5,,,1,0,0,0,FINAL,nan,National,full_schedule,,,
2043,6,Ole Miss,Bowling Green,10,49,24,1,,Devin,1,0,0,0,FINAL,nan,National,full_schedule,,,
2043,6,North Carolina,Clemson,21,42,,,,,1,0,0,0,FINAL,nan,National,full_schedule,,,
2043,6,Marshall,Georgia Southern,49,30,,,,,1,0,0,0,FINAL,nan,National,full_schedule,,,
2043,6,Syracuse,California,48,24,,,,,1,0,0,0,FINAL,nan,National,full_schedule,,,
2043,6,Missouri,USF,13,49,,3,,Josh,1,0,0,0,FINAL,nan,National,full_schedule,,,
2043,6,James Madison,Coastal Carolina,46,28,,,,,1,0,0,0,FINAL,nan,Regional,full_schedule,,,
2043,6,TCU,Rapid City,21,38,,,,,1,0,0,0,FINAL,nan,National,full_schedule,,,
2043,6,Arkansas State,Appalachian State,31,44,,,,,1,0,0,0,FINAL,nan,National,full_schedule,,,
2043,6,Virginia,Tulane,33,34,,,,,1,0,0,0,FINAL,nan,National,full_schedule,,,
2043,6,Louisiana Tech,Kennesaw State,45,37,,,,,1,0,0,0,FINAL,nan,National,full_schedule,,,
2043,6,Wisconsin,Virginia Tech,38,20,,,,,1,0,0,0,FINAL,nan,National,full_schedule,,,
2043,6,UCLA,Navy,38,32,23,,,,1,0,0,0,FINAL,nan,National,full_schedule,,,
2043,6,Miami,Boston College,30,15,9,,,,1,0,0,0,FINAL,nan,National,full_schedule,,,
2043,6,Texas A&M,Kentucky,42,14,8,,,,1,0,0,0,FINAL,nan,National,full_schedule,,,
2043,6,Central Michigan,UMass,41,14,,,,,1,0,0,0,FINAL,nan,Regional,full_schedule,,,
2043,6,Georgia State,Northwestern,48,27,,,,,1,0,0,0,FINAL,nan,Regional,full_schedule,,,
2043,6,Air Force,Cincinnati,49,31,,,,,1,0,0,0,FINAL,nan,National,full_schedule,,,
2043,6,Illinois,Texas Tech,20,58,,2,,Noah,1,0,0,0,FINAL,nan,National,full_schedule,,,
2043,6,San Jose State,Michigan State,38,26,7,,Mike,,1,0,0,0,FINAL,nan,National,full_schedule,,,
2043,6,Michigan,Purdue,28,17,,,,,1,0,0,0,FINAL,nan,National,full_schedule,,,
2043,6,Wyoming,Alabama,38,39,25,22,,,1,0,0,0,FINAL,nan,National,full_schedule,,,
2043,6,Miami University,Western Michigan,31,34,,,,,1,0,0,0,FINAL,nan,National,full_schedule,,,
2043,6,Florida State,Oklahoma,42,10,4,,Nick,,1,0,0,0,FINAL,nan,National,full_schedule,,,
2043,6,Iowa State,Toledo,29,28,,,,,1,0,0,0,FINAL,nan,National,full_schedule,,,
2043,6,Tulsa,North Texas,55,27,,,,,1,0,0,0,FINAL,nan,National,full_schedule,,,
2043,6,Houston,Colorado State,31,19,,,,,1,0,0,0,FINAL,nan,National,full_schedule,,,
2043,6,Delaware,Western Kentucky,34,26,,,,,1,0,0,0,FINAL,nan,Game of the Week,full_schedule,,,
2043,6,Arizona State,Kansas,35,38,,,,,1,0,0,0,FINAL,nan,National,full_schedule,,,
2043,6,South Alabama,Louisiana,44,27,,,,,1,0,0,0,FINAL,nan,National,full_schedule,,,
2043,6,Southern Mississippi,Texas State,27,24,,,,,1,0,0,0,FINAL,nan,National,full_schedule,,,
2043,6,Georgia Tech,Louisville,31,7,,,,,1,0,0,0,FINAL,nan,National,full_schedule,,,
2043,6,Akron,Eastern Michigan,35,41,,,,,1,0,0,0,FINAL,nan,National,full_schedule,,,
2043,6,San Diego State,Fresno State,38,14,15,,,,1,0,0,0,FINAL,nan,National,full_schedule,,,
2043,6,Penn State,Nebraska,37,41,,16,,,1,0,0,0,FINAL,nan,National,full_schedule,,,
2043,6,Colorado,Hammond,12,38,,,,,1,0,0,0,FINAL,nan,National,full_schedule,,,
2043,6,Jacksonville State,Middle Tennessee,21,40,,,,,1,0,0,0,FINAL,nan,National,full_schedule,,,
2043,6,UConn,Charlotte,16,24,,,,,1,0,0,0,FINAL,nan,National,full_schedule,,,
2043,6,USC,Florida,23,35,,6,,Doug,1,0,0,0,FINAL,nan,Game of the Week,full_schedule,,,
2043,6,BYU,Oklahoma State,35,27,,21,,,1,0,0,0,FINAL,nan,National,full_schedule,,,
2043,6,Rice,Memphis,23,37,,,,,1,0,0,0,FINAL,nan,National,full_schedule,,,
2043,6,Vanderbilt,SMU,17,56,,,,,1,0,0,0,FINAL,nan,National,full_schedule,,,
2043,6,Old Dominion,Ball State,15,30,,,,,1,0,0,0,FINAL,nan,National,full_schedule,,,
2043,6,Utah State,Rutgers,10,24,,,,,1,0,0,0,FINAL,nan,National,full_schedule,,,
2043,6,Duke,UCF,41,30,,,,,1,0,0,0,FINAL,nan,National,full_schedule,,,
2043,6,Tennessee,Auburn,41,17,13,,,,1,0,0,0,FINAL,nan,National,full_schedule,,,
2043,6,LSU,Texas,40,37,19,14,,,1,0,0,0,FINAL,nan,National,full_schedule,,,
2043,6,Maryland,Iowa,27,24,,,,,1,0,0,0,FINAL,nan,National,full_schedule,,,
2043,6,UNLV,Hawai'i,24,28,,,,,1,0,0,0,FINAL,nan,nan,full_schedule,,,
2043,6,New Mexico State,Sam Houston,13,24,,,,,1,0,0,0,FINAL,nan,National,full_schedule,,,
2043,6,NC State,Stanford,31,14,11,,,,1,0,0,0,FINAL,nan,National,full_schedule,,,
2043,6,Death Valley,Washington,49,52,,,,,1,0,0,0,FINAL,nan,National,full_schedule,,,
2043,7,Baylor,Panama City,45,31,21,13,,,1,0,0,0,FINAL,7:30 PM,National,full_schedule,,,
2043,7,Michigan State,Penn State,17,56,,,,,1,0,0,0,FINAL,8:00 PM,National,full_schedule,,,
2043,7,Mississippi State,Air Force,17,28,,,,,1,0,0,0,FINAL,9:00 PM,National,full_schedule,,,
2043,7,Appalachian State,Northwestern,45,21,,,,,1,0,0,0,FINAL,9:00 PM,National,full_schedule,,,
2043,7,BYU,Gate City,41,38,23,,,,1,0,0,0,FINAL,12:00 PM,National,full_schedule,,,
2043,7,Duke,Arkansas,3,34,,,,,1,0,0,0,FINAL,12:00 PM,National,full_schedule,,,
2043,7,Fresno State,Houston,21,41,,,,,1,0,0,0,FINAL,12:00 PM,National,full_schedule,,,
2043,7,James Madison,Southern Mississippi,35,38,,,,,1,0,0,0,FINAL,12:30 PM,National,full_schedule,,,
2043,7,Texas State,UL Monroe,31,38,,,,,1,0,0,0,FINAL,12:30 PM,Regional,full_schedule,,,
2043,7,Arizona,Alabaster,20,31,,,,,1,0,0,0,FINAL,12:30 PM,National,full_schedule,,,
2043,7,Toledo,Kent State,13,20,,,,,1,0,0,0,FINAL,1:00 PM,National,full_schedule,,,
2043,7,Syracuse,Oklahoma State,21,35,,17,,,1,0,0,0,FINAL,1:00 PM,National,full_schedule,,,
2043,7,Wyoming,Ole Miss,16,28,,20,,,1,0,0,0,FINAL,1:00 PM,National,full_schedule,,,
2043,7,Liberty,Florida International,52,28,,,,,1,0,0,0,FINAL,7:00 PM,Regional,full_schedule,,,
2043,7,Texas Tech,Hammond,55,28,3,,Noah,,1,0,0,0,FINAL,7:30 PM,National,full_schedule,,,
2043,7,USC,Notre Dame,31,56,,4,,,1,0,0,0,FINAL,7:30 PM,National,full_schedule,,,
2043,7,Central Michigan,Iowa State,27,31,,,,,1,0,0,0,FINAL,7:30 PM,Regional,full_schedule,,,
2043,7,Georgia,South Carolina,42,17,,,,,1,0,0,0,FINAL,7:30 PM,National,full_schedule,,,
2043,7,Missouri,Tennessee,7,32,,9,,,1,0,0,0,FINAL,8:00 PM,National,full_schedule,,,
2043,7,TCU,Arizona State,49,37,,,,,1,0,0,0,FINAL,8:00 PM,National,full_schedule,,,
2043,7,Illinois,Minnesota,23,21,,,,,1,0,0,0,FINAL,9:00 PM,National,full_schedule,,,
2043,7,Western Kentucky,UTEP,31,48,,,,,1,0,0,0,FINAL,9:15 PM,Regional,full_schedule,,,
2043,7,Georgia Tech,San Jose State,24,35,,6,,Mike,1,0,0,0,FINAL,9:15 PM,National,full_schedule,,,
2043,7,Sam Houston,Missouri State,36,38,,,,,1,0,0,0,FINAL,3:15 PM,National,full_schedule,,,
2043,7,Auburn,Kentucky,45,10,,,,,1,0,0,0,FINAL,3:15 PM,National,full_schedule,,,
2043,7,UCLA,Memphis,35,16,22,,,,1,0,0,0,FINAL,3:30 PM,National,full_schedule,,,
2043,7,Charlotte,Tulane,28,42,,,,,1,0,0,0,FINAL,3:30 PM,National,full_schedule,,,
2043,7,Rice,North Texas,10,53,,,,,1,0,0,0,FINAL,4:00 PM,National,full_schedule,,,
2043,7,West Virginia,Miami (OH),63,10,,,,,1,0,0,0,FINAL,4:00 PM,National,full_schedule,,,
2043,7,Wisconsin,Oregon,26,14,,24,,,1,0,0,0,FINAL,5:00 PM,National,full_schedule,,,
2043,7,Oregon State,Cincinnati,37,16,,,,,1,0,0,0,FINAL,5:00 PM,National,full_schedule,,,
2043,7,Hawai'i,Utah State,29,14,,,,,1,0,0,0,FINAL,5:00 PM,Regional,full_schedule,,,
2043,7,Rapid City,Colorado,19,49,,,,,1,0,0,0,FINAL,5:00 PM,National,full_schedule,,,
2043,7,UMass,Akron,35,30,,,,,1,0,0,0,FINAL,5:45 PM,nan,full_schedule,,,
2043,7,Iowa,Purdue,39,42,,,,,1,0,0,0,FINAL,5:45 PM,National,full_schedule,,,
2043,7,Virginia,Temple,44,17,,,,,1,0,0,0,FINAL,5:45 PM,National,full_schedule,,,
2043,7,Boise State,UNLV,31,17,,,,,1,0,0,0,FINAL,6:00 PM,Regional,full_schedule,,,
2043,7,Washington,Maryland,56,38,,,,,1,0,0,0,FINAL,6:00 PM,National,full_schedule,,,
2043,7,Washington State,Western Michigan,24,38,,,,,1,0,0,0,FINAL,6:00 PM,National,full_schedule,,,
2043,7,Boston College,Louisville,21,14,,,,,1,0,0,0,FINAL,6:45 PM,Regional,full_schedule,,,
2043,7,UCF,California,43,40,,,,,1,0,0,0,FINAL,6:45 PM,National,full_schedule,,,
2043,7,Nebraska,Michigan,38,31,14,,,,1,0,0,0,FINAL,6:45 PM,National,full_schedule,,,
2043,7,Tulsa,Wake Forest,33,20,,,,,1,0,0,0,FINAL,6:45 PM,National,full_schedule,,,
2043,7,Marshall,Troy,35,9,,,,,1,0,0,0,FINAL,7:00 PM,National,full_schedule,,,
2043,7,Coastal Carolina,South Alabama,37,35,,,,,1,0,0,0,FINAL,7:00 PM,Regional,full_schedule,,,
2043,7,Louisiana Tech,Delaware,45,16,,,,,1,0,0,0,FINAL,7:00 PM,National,full_schedule,,,
2043,7,Louisiana,Arkansas State,40,23,,,,,1,0,0,0,FINAL,7:00 PM,National,full_schedule,,,
2043,7,Ohio,Old Dominion,48,24,,,,,1,0,0,0,FINAL,7:00 PM,National,full_schedule,,,
2043,7,Georgia Southern,Georgia State,56,45,,,,,1,0,0,0,FINAL,7:00 PM,National,full_schedule,,,
2043,7,Pittsburgh,Clemson,48,55,,25,,,1,0,0,0,FINAL,1:00 PM,National,full_schedule,,,
2043,7,Navy,East Carolina,28,31,,18,,,1,0,0,0,FINAL,1:00 PM,National,full_schedule,,,
2043,7,Bowling Green,Miami,42,17,1,15,Devin,,1,0,0,0,FINAL,1:00 PM,Game of the Week,full_schedule,,,
2043,7,Indiana,Ohio State,27,45,,,,,1,0,0,0,FINAL,1:00 PM,National,full_schedule,,,
2043,7,North Carolina,Virginia Tech,22,45,,,,,1,0,0,0,FINAL,1:30 PM,National,full_schedule,,,
2043,7,LSU,Oklahoma,24,49,16,,,,1,0,0,0,FINAL,1:30 PM,National,full_schedule,,,
2043,7,Kansas,Kansas State,10,30,,,,,1,0,0,0,FINAL,2:00 PM,National,full_schedule,,,
2043,7,Death Valley,Utah,24,56,,,,,1,0,0,0,FINAL,2:00 PM,National,full_schedule,,,
2043,7,Stanford,SMU,22,23,,,,,1,0,0,0,FINAL,2:15 PM,National,full_schedule,,,
2043,7,Jacksonville State,Army,34,31,,,,,1,0,0,0,FINAL,2:30 PM,National,full_schedule,,,
2043,7,Middle Tennessee,Kennesaw State,29,24,,,,,1,0,0,0,FINAL,2:30 PM,National,full_schedule,,,
2043,7,Texas A&M,USF,27,44,11,2,,Josh,1,0,0,0,FINAL,2:30 PM,National,full_schedule,,,
2043,7,Vanderbilt,NC State,19,45,,8,,,1,0,0,0,FINAL,2:30 PM,National,full_schedule,,,
2043,7,New Mexico State,UConn,31,34,,,,,1,0,0,0,FINAL,3:00 PM,National,full_schedule,,,
2043,8,Alabama,Texas,,,19,9,,,1,0,0,0,SCHEDULED,9:00 PM,nan,full_schedule,,,
2043,8,Texas State,Troy,,,,,,,1,0,0,0,SCHEDULED,12:00 PM,nan,full_schedule,,,
2043,8,Michigan,Penn State,,,,,,,1,0,0,0,SCHEDULED,12:00 PM,nan,full_schedule,,,
2043,8,South Alabama,Appalachian State,,,,,,,1,0,0,0,SCHEDULED,12:00 PM,nan,full_schedule,,,
2043,8,Toledo,Central Michigan,,,,,,,1,0,0,0,SCHEDULED,12:00 PM,nan,full_schedule,,,
2043,8,Miami University,Kent State,,,,,,,1,0,0,0,SCHEDULED,12:00 PM,nan,full_schedule,,,
2043,8,Tulane,Rice,,,,,,,1,0,0,0,SCHEDULED,12:30 PM,nan,full_schedule,,,
2043,8,Ohio,UMass,,,,,,,1,0,0,0,SCHEDULED,12:30 PM,nan,full_schedule,,,
2043,8,Alabaster,Baylor,,,,23,,,1,0,0,0,SCHEDULED,12:30 PM,nan,full_schedule,,,
2043,8,San Jose State,Florida,69,28,6,7,Mike,Doug,1,0,0,0,FINAL,1:00 PM,Game of the Week,full_schedule,,,
2043,8,Georgia Southern,UL Monroe,,,,,,,1,0,0,0,SCHEDULED,1:00 PM,nan,full_schedule,,,
2043,8,Marshall,Northwestern,,,,,,,1,0,0,0,SCHEDULED,1:00 PM,nan,full_schedule,,,
2043,8,Pittsburgh,Syracuse,,,,,,,1,0,0,0,SCHEDULED,1:00 PM,nan,full_schedule,,,
2043,8,Virginia Tech,Duke,,,,,,,1,0,0,0,SCHEDULED,1:00 PM,nan,full_schedule,,,
2043,8,Utah,Iowa State,,,,,,,1,0,0,0,SCHEDULED,1:30 PM,nan,full_schedule,,,
2043,8,Wake Forest,Army,,,,,,,1,0,0,0,SCHEDULED,1:30 PM,nan,full_schedule,,,
2043,8,Tulsa,Panama City,,,,,,,1,0,0,0,SCHEDULED,1:30 PM,nan,full_schedule,,,
2043,8,TCU,Death Valley,,,,8,,,1,0,0,0,SCHEDULED,1:30 PM,nan,full_schedule,,,
2043,8,Oklahoma,Bowling Green,,,,1,,Devin,1,0,0,0,SCHEDULED,1:30 PM,nan,full_schedule,,,
2043,8,UTEP,New Mexico State,,,,,,,1,0,0,0,SCHEDULED,1:30 PM,nan,full_schedule,,,
2043,8,Tennessee,Georgia,,,,25,,,1,0,0,0,SCHEDULED,2:00 PM,nan,full_schedule,,,
2043,8,Coastal Carolina,Southern Mississippi,,,,,,,1,0,0,0,SCHEDULED,2:00 PM,nan,full_schedule,,,
2043,8,Notre Dame,Kansas,,,6,,,,1,0,0,0,SCHEDULED,2:00 PM,nan,full_schedule,,,
2043,8,UCLA,UTSA,,,,,,,1,0,0,0,SCHEDULED,2:00 PM,nan,full_schedule,,,
2043,8,Texas Tech,Wisconsin,,,2,,Noah,,1,0,0,0,SCHEDULED,2:00 PM,nan,full_schedule,,,
2043,8,Kansas State,Colorado,,,,,,,1,0,0,0,SCHEDULED,2:00 PM,nan,full_schedule,,,
2043,8,Auburn,North Carolina,,,,,,,1,0,0,0,SCHEDULED,2:15 PM,nan,full_schedule,,,
2043,8,Hawai'i,Mississippi State,,,,,,,1,0,0,0,SCHEDULED,2:15 PM,nan,full_schedule,,,
2043,8,Eastern Michigan,Ball State,,,,,,,1,0,0,0,SCHEDULED,2:30 PM,nan,full_schedule,,,
2043,8,Akron,Old Dominion,,,,,,,1,0,0,0,SCHEDULED,3:00 PM,nan,full_schedule,,,
2043,8,Wyoming,South Carolina,,,,,,,1,0,0,0,SCHEDULED,3:00 PM,nan,full_schedule,,,
2043,8,Colorado State,Rutgers,,,,,,,1,0,0,0,SCHEDULED,3:00 PM,nan,full_schedule,,,
2043,8,Liberty,Jacksonville State,,,,,,,1,0,0,0,SCHEDULED,3:15 PM,nan,full_schedule,,,
2043,8,Memphis,Charlotte,,,,,,,1,0,0,0,SCHEDULED,3:15 PM,nan,full_schedule,,,
2043,8,Western Michigan,West Virginia,,,,,,,1,0,0,0,SCHEDULED,3:15 PM,nan,full_schedule,,,
2043,8,LSU,USF,,,,10,,Josh,1,0,0,0,SCHEDULED,3:15 PM,nan,full_schedule,,,
2043,8,SMU,UCF,,,,,,,1,0,0,0,SCHEDULED,3:30 PM,nan,full_schedule,,,
2043,8,Navy,Temple,,,,,,,1,0,0,0,SCHEDULED,4:00 PM,nan,full_schedule,,,
2043,8,Sam Houston,Middle Tennessee,,,,,,,1,0,0,0,SCHEDULED,5:00 PM,nan,full_schedule,,,
2043,8,Oklahoma State,Arizona State,,,15,,,,1,0,0,0,SCHEDULED,5:00 PM,nan,full_schedule,,,
2043,8,Arkansas,Kennesaw State,,,,,,,1,0,0,0,SCHEDULED,5:00 PM,nan,full_schedule,,,
2043,8,James Madison,Louisiana,,,,,,,1,0,0,0,SCHEDULED,5:45 PM,nan,full_schedule,,,
2043,8,Louisville,Stanford,,,,,,,1,0,0,0,SCHEDULED,5:45 PM,nan,full_schedule,,,
2043,8,Cincinnati,San Diego State,,,,,,,1,0,0,0,SCHEDULED,5:45 PM,nan,full_schedule,,,
2043,8,Ohio State,Iowa,,,15,,,,1,0,0,0,SCHEDULED,5:45 PM,nan,full_schedule,,,
2043,8,Washington State,North Texas,,,,,,,1,0,0,0,SCHEDULED,5:45 PM,nan,full_schedule,,,
2043,8,California,Clemson,,,,21,,,1,0,0,0,SCHEDULED,5:45 PM,nan,full_schedule,,,
2043,8,Georgia State,Arkansas State,,,,,,,1,0,0,0,SCHEDULED,5:45 PM,nan,full_schedule,,,
2043,8,Virginia,Rapid City,,,,7,,,1,0,0,0,SCHEDULED,6:00 PM,nan,full_schedule,,,
2043,8,NC State,Ole Miss,,,22,16,,,1,0,0,0,SCHEDULED,6:00 PM,nan,full_schedule,,,
2043,8,Minnesota,Washington,,,,,,,1,0,0,0,SCHEDULED,6:00 PM,nan,full_schedule,,,
2043,8,Miami,Vanderbilt,,,13,,,,1,0,0,0,SCHEDULED,6:00 PM,nan,full_schedule,,,
2043,8,Illinois,Maryland,,,,,,,1,0,0,0,SCHEDULED,6:00 PM,nan,full_schedule,,,
2043,8,Florida International,Delaware,,,,,,,1,0,0,0,SCHEDULED,6:45 PM,nan,full_schedule,,,
2043,8,Hammond,Gate City,,,3,,,,1,0,0,0,SCHEDULED,7:00 PM,nan,full_schedule,,,
2043,8,Boston College,Georgia Tech,,,,17,,,1,0,0,0,SCHEDULED,7:00 PM,nan,full_schedule,,,
2043,8,Utah State,Houston,,,,,,,1,0,0,0,SCHEDULED,7:00 PM,nan,full_schedule,,,
2043,8,Boise State,Air Force,,,,,,,1,0,0,0,SCHEDULED,7:30 PM,nan,full_schedule,,,
2043,8,Nebraska,Indiana,,,4,,,,1,0,0,0,SCHEDULED,7:30 PM,nan,full_schedule,,,
2043,8,Kentucky,Missouri,,,,,,,1,0,0,0,SCHEDULED,8:00 PM,nan,full_schedule,,,
2043,8,Michigan State,Oregon,,,,14,,,1,0,0,0,SCHEDULED,8:00 PM,nan,full_schedule,,,
2043,8,Texas A&M,Florida State,,,11,5,,Nick,1,0,0,0,SCHEDULED,8:00 PM,nan,full_schedule,,,
2043,8,Missouri State,Western Kentucky,,,,,,,1,0,0,0,SCHEDULED,9:00 PM,nan,full_schedule,,,
2043,8,Fresno State,Oregon State,,,,,,,1,0,0,0,SCHEDULED,11:00 PM,nan,full_schedule,,,
2043,9,California,Virginia Tech,,,,,,,1,0,0,0,SCHEDULED,7:00 PM,nan,full_schedule,,,
2043,9,Fresno State,Cincinnati,,,,,,,1,0,0,0,SCHEDULED,8:00 PM,nan,full_schedule,,,
2043,9,North Texas,Virginia,,,,,,,1,0,0,0,SCHEDULED,8:00 PM,nan,full_schedule,,,
2043,9,South Carolina,LSU,,,,,,,1,0,0,0,SCHEDULED,9:00 PM,nan,full_schedule,,,
2043,9,UCLA,Tulane,,,,,,,1,0,0,0,SCHEDULED,9:00 PM,nan,full_schedule,,,
2043,9,Rutgers,Mississippi State,,,,,,,1,0,0,0,SCHEDULED,9:00 PM,nan,full_schedule,,,
2043,9,Houston,UNLV,,,,,,,1,0,0,0,SCHEDULED,10:15 PM,nan,full_schedule,,,
2043,9,Colorado State,San Diego State,,,,,,,1,0,0,0,SCHEDULED,10:30 PM,nan,full_schedule,,,
2043,9,Eastern Michigan,Miami University,,,,,,,1,0,0,0,SCHEDULED,8:00 PM,nan,full_schedule,,,
2043,9,Liberty,Louisiana Tech,,,,,,,1,0,0,0,SCHEDULED,8:00 PM,nan,full_schedule,,,
2043,9,UL Monroe,Louisiana,,,,,,,1,0,0,0,SCHEDULED,8:00 PM,nan,full_schedule,,,
2043,9,Auburn,Florida State,,,,5,,Nick,1,0,0,0,SCHEDULED,12:00 PM,nan,full_schedule,,,
2043,9,Duke,Southern Mississippi,,,,,,,1,0,0,0,SCHEDULED,12:00 PM,nan,full_schedule,,,
2043,9,Georgia Tech,North Carolina,,,17,,,,1,0,0,0,SCHEDULED,12:00 PM,nan,full_schedule,,,
2043,9,Sam Houston,Western Kentucky,,,,,,,1,0,0,0,SCHEDULED,12:00 PM,nan,full_schedule,,,
2043,9,Oklahoma State,Baylor,,,,23,,,1,0,0,0,SCHEDULED,12:30 PM,nan,full_schedule,,,
2043,9,Florida,Penn State,,,12,,Doug,,1,0,0,0,SCHEDULED,12:30 PM,nan,full_schedule,,,
2043,9,Appalachian State,Kansas,,,,,,,1,0,0,0,SCHEDULED,12:30 PM,nan,full_schedule,,,
2043,9,Alabama,Ole Miss,,,19,16,,,1,0,0,0,SCHEDULED,12:30 PM,nan,full_schedule,,,
2043,9,Georgia,Missouri,,,25,,,,1,0,0,0,SCHEDULED,1:00 PM,nan,full_schedule,,,
2043,9,Vanderbilt,Arkansas,,,,,,,1,0,0,0,SCHEDULED,1:30 PM,nan,full_schedule,,,
2043,9,Death Valley,Alabaster,,,8,,,,1,0,0,0,SCHEDULED,1:30 PM,nan,full_schedule,,,
2043,9,East Carolina,Wake Forest,,,,,,,1,0,0,0,SCHEDULED,2:00 PM,nan,full_schedule,,,
2043,9,UCF,Pittsburgh,,,,,,,1,0,0,0,SCHEDULED,2:00 PM,nan,full_schedule,,,
2043,9,Nebraska,Ohio State,,,4,15,,,1,0,0,0,SCHEDULED,2:00 PM,nan,full_schedule,,,
2043,9,Michigan State,Maryland,,,,,,,1,0,0,0,SCHEDULED,2:00 PM,nan,full_schedule,,,
2043,9,Minnesota,USC,,,,,,,1,0,0,0,SCHEDULED,2:00 PM,nan,full_schedule,,,
2043,9,New Mexico State,Florida International,,,,,,,1,0,0,0,SCHEDULED,2:00 PM,nan,full_schedule,,,
2043,9,UConn,Utah State,,,,,,,1,0,0,0,SCHEDULED,2:15 PM,nan,full_schedule,,,
2043,9,UTEP,Delaware,,,,,,,1,0,0,0,SCHEDULED,2:15 PM,nan,full_schedule,,,
2043,9,Missouri State,Wisconsin,,,,,,,1,0,0,0,SCHEDULED,2:15 PM,nan,full_schedule,,,
2043,9,Texas State,Georgia State,,,,,,,1,0,0,0,SCHEDULED,2:15 PM,nan,full_schedule,,,
2043,9,Iowa,Oklahoma,,,,,,,1,0,0,0,SCHEDULED,2:15 PM,nan,full_schedule,,,
2043,9,West Virginia,Ohio,,,,,,,1,0,0,0,SCHEDULED,2:30 PM,nan,full_schedule,,,
2043,9,Clemson,NC State,,,21,22,,,1,0,0,0,SCHEDULED,3:00 PM,nan,full_schedule,,,
2043,9,SMU,Syracuse,,,,,,,1,0,0,0,SCHEDULED,3:00 PM,nan,full_schedule,,,
2043,9,Indiana,Texas Tech,,,,2,,Noah,1,0,0,0,SCHEDULED,3:00 PM,nan,full_schedule,,,
2043,9,Bowling Green,Wyoming,,,1,,Devin,,1,0,0,0,SCHEDULED,3:15 PM,nan,full_schedule,,,
2043,9,Iowa State,Old Dominion,,,,,,,1,0,0,0,SCHEDULED,3:15 PM,nan,full_schedule,,,
2043,9,Central Michigan,Western Michigan,,,,,,,1,0,0,0,SCHEDULED,3:15 PM,nan,full_schedule,,,
2043,9,USF,Boise State,,,10,,Josh,,1,0,0,0,SCHEDULED,3:30 PM,nan,full_schedule,,,
2043,9,Navy,Notre Dame,,,,6,,,1,0,0,0,SCHEDULED,3:30 PM,nan,full_schedule,,,
2043,9,UTSA,Memphis,,,,,,,1,0,0,0,SCHEDULED,3:30 PM,nan,full_schedule,,,
2043,9,Rapid City,Hammond,,,7,3,,,1,0,0,0,SCHEDULED,4:00 PM,nan,full_schedule,,,
2043,9,Purdue,Washington,,,,,,,1,0,0,0,SCHEDULED,4:00 PM,nan,full_schedule,,,
2043,9,Stanford,Boston College,,,,,,,1,0,0,0,SCHEDULED,5:00 PM,nan,full_schedule,,,
2043,9,Tulsa,Temple,,,,,,,1,0,0,0,SCHEDULED,5:45 PM,nan,full_schedule,,,
2043,9,Northwestern,James Madison,,,,,,,1,0,0,0,SCHEDULED,5:45 PM,nan,full_schedule,,,
2043,9,Panama City,BYU,,,24,20,,,1,0,0,0,SCHEDULED,6:45 PM,nan,full_schedule,,,
2043,9,TCU,Kansas State,,,,,,,1,0,0,0,SCHEDULED,5:45 PM,nan,full_schedule,,,
2043,9,Ball State,UMass,,,,,,,1,0,0,0,SCHEDULED,6:00 PM,nan,full_schedule,,,
2043,9,Coastal Carolina,Troy,,,,,,,1,0,0,0,SCHEDULED,6:45 PM,nan,full_schedule,,,
2043,9,Akron,Kent State,,,,,,,1,0,0,0,SCHEDULED,6:45 PM,nan,full_schedule,,,
2043,9,Arkansas State,South Alabama,,,,,,,1,0,0,0,SCHEDULED,6:45 PM,nan,full_schedule,,,
2043,9,Texas,Illinois,,,9,,,,1,0,0,0,SCHEDULED,7:00 PM,nan,full_schedule,,,
2043,9,Toledo,Arizona State,,,,,,,1,0,0,0,SCHEDULED,7:30 PM,nan,full_schedule,,,
2043,9,Hawai'i,Air Force,,,,,,,1,0,0,0,SCHEDULED,7:30 PM,nan,full_schedule,,,
2043,9,Rice,Army,,,,,,,1,0,0,0,SCHEDULED,8:00 PM,nan,full_schedule,,,
2043,9,Utah,Arizona,,,,,,,1,0,0,0,SCHEDULED,8:00 PM,nan,full_schedule,,,
2043,9,Kennesaw State,Jacksonville State,,,,,,,1,0,0,0,SCHEDULED,9:00 PM,nan,full_schedule,,,
2043,9,Oregon,San Jose State,,,14,18,,Mike,1,0,0,0,SCHEDULED,9:15 PM,nan,full_schedule,,,
2043,9,Colorado,Oregon State,,,,,,,1,0,0,0,SCHEDULED,10:30 PM,nan,full_schedule,,,
2043,9,FCS Midwest,BYU,,,24,20,,,1,0,0,0,SCHEDULED,6:45 PM,nan,full_schedule,,,
2043,10,Michigan State,Indiana,,,,,,,1,0,0,0,SCHEDULED,7:00 PM,nan,full_schedule,,,
2043,10,Louisiana,Coastal Carolina,,,,,,,1,0,0,0,SCHEDULED,8:00 PM,nan,full_schedule,,,
2043,10,Rutgers,UNLV,,,,,,,1,0,0,0,SCHEDULED,10:30 PM,nan,full_schedule,,,
2043,10,Northwestern,South Alabama,,,,,,,1,0,0,0,SCHEDULED,8:00 PM,nan,full_schedule,,,
2043,10,Kent State,Western Michigan,,,,,,,1,0,0,0,SCHEDULED,12:00 PM,nan,full_schedule,,,
2043,10,Iowa,Illinois,,,,,,,1,0,0,0,SCHEDULED,12:00 PM,nan,full_schedule,,,
2043,10,Army,Air Force,,,,,,,1,0,0,0,SCHEDULED,12:00 PM,nan,full_schedule,,,
2043,10,Louisville,Arkansas,,,,,,,1,0,0,0,SCHEDULED,12:00 PM,nan,full_schedule,,,
2043,10,USF,Auburn,,,10,,Josh,,1,0,0,0,SCHEDULED,12:30 PM,nan,full_schedule,,,
2043,10,LSU,Bowling Green,,,,1,,Devin,1,0,0,0,SCHEDULED,1:00 PM,nan,full_schedule,,,
2043,10,San Diego State,Minnesota,,,,,,,1,0,0,0,SCHEDULED,1:00 PM,nan,full_schedule,,,
2043,10,Virginia,Tulsa,,,,,,,1,0,0,0,SCHEDULED,1:00 PM,nan,full_schedule,,,
2043,10,Central Michigan,Miami University,,,,,,,1,0,0,0,SCHEDULED,1:00 PM,nan,full_schedule,,,
2043,10,Houston,Cincinnati,,,,,,,1,0,0,0,SCHEDULED,1:00 PM,nan,full_schedule,,,
2043,10,UL Monroe,James Madison,,,,,,,1,0,0,0,SCHEDULED,1:30 PM,nan,full_schedule,,,
2043,10,East Carolina,Charlotte,,,,,,,1,0,0,0,SCHEDULED,2:00 PM,nan,full_schedule,,,
2043,10,Troy,Toledo,,,,,,,1,0,0,0,SCHEDULED,2:00 PM,nan,full_schedule,,,
2043,10,Missouri State,Jacksonville State,,,,,,,1,0,0,0,SCHEDULED,2:00 PM,nan,full_schedule,,,
2043,10,Kennesaw State,Liberty,,,,,,,1,0,0,0,SCHEDULED,2:15 PM,nan,full_schedule,,,
2043,10,Southern Mississippi,Georgia Southern,,,,,,,1,0,0,0,SCHEDULED,2:15 PM,nan,full_schedule,,,
2043,10,Sam Houston,Alabaster,,,,,,,1,0,0,0,SCHEDULED,2:15 PM,nan,full_schedule,,,
2043,10,Ball State,Akron,,,,,,,1,0,0,0,SCHEDULED,2:30 PM,nan,full_schedule,,,
2043,10,Kansas,BYU,,,20,,,,1,0,0,0,SCHEDULED,2:30 PM,nan,full_schedule,,,
2043,10,Rapid City,Death Valley,,,7,8,,,1,0,0,0,SCHEDULED,2:30 PM,nan,full_schedule,,,
2043,10,Wake Forest,Memphis,,,,,,,1,0,0,0,SCHEDULED,2:30 PM,nan,full_schedule,,,
2043,10,West Virginia,UCF,,,,,,,1,0,0,0,SCHEDULED,3:00 PM,nan,full_schedule,,,
2043,10,SMU,Georgia Tech,,,,17,,,1,0,0,0,SCHEDULED,3:15 PM,nan,full_schedule,,,
2043,10,Oregon,Michigan,,,14,,,,1,0,0,0,SCHEDULED,3:15 PM,nan,full_schedule,,,
2043,10,Kansas State,Baylor,,,,23,,,1,0,0,0,SCHEDULED,3:15 PM,nan,full_schedule,,,
2043,10,Tennessee,Florida State,,,,5,,Nick,1,0,0,0,SCHEDULED,3:15 PM,nan,full_schedule,,,
2043,10,Appalachian State,Marshall,,,,,,,1,0,0,0,SCHEDULED,3:15 PM,nan,full_schedule,,,
2043,10,UMass,Eastern Michigan,,,,,,,1,0,0,0,SCHEDULED,3:15 PM,nan,full_schedule,,,
2043,10,Virginia Tech,Pittsburgh,,,,,,,1,0,0,0,SCHEDULED,3:30 PM,nan,full_schedule,,,
2043,10,Georgia,Florida,,,25,12,,Doug,1,0,0,0,SCHEDULED,3:30 PM,nan,full_schedule,,,
2043,10,Colorado State,Wyoming,,,,,,,1,0,0,0,SCHEDULED,3:30 PM,nan,full_schedule,,,
2043,10,Texas,Ole Miss,,,9,16,,,1,0,0,0,SCHEDULED,4:00 PM,nan,full_schedule,,,
2043,10,Hammond,TCU,,,3,,,,1,0,0,0,SCHEDULED,4:00 PM,nan,full_schedule,,,
2043,10,Middle Tennessee,Delaware,,,,,,,1,0,0,0,SCHEDULED,4:00 PM,nan,full_schedule,,,
2043,10,Western Kentucky,Florida International,,,,,,,1,0,0,0,SCHEDULED,5:00 PM,nan,full_schedule,,,
2043,10,Purdue,USC,,,,,,,1,0,0,0,SCHEDULED,5:00 PM,nan,full_schedule,,,
2043,10,New Mexico State,Nebraska,,,,4,,,1,0,0,0,SCHEDULED,5:00 PM,nan,full_schedule,,,
2043,10,UTEP,Louisiana Tech,,,,,,,1,0,0,0,SCHEDULED,5:00 PM,nan,full_schedule,,,
2043,10,Kentucky,Alabama,,,,19,,,1,0,0,0,SCHEDULED,5:45 PM,nan,full_schedule,,,
2043,10,South Carolina,UConn,,,,,,,1,0,0,0,SCHEDULED,5:45 PM,nan,full_schedule,,,
2043,10,Stanford,Duke,,,,,,,1,0,0,0,SCHEDULED,5:45 PM,nan,full_schedule,,,
2043,10,California,Vanderbilt,,,,,,,1,0,0,0,SCHEDULED,5:45 PM,nan,full_schedule,,,
2043,10,Texas State,Arkansas State,,,,,,,1,0,0,0,SCHEDULED,5:45 PM,nan,full_schedule,,,
2043,10,Oregon State,Georgia State,,,,,,,1,0,0,0,SCHEDULED,6:00 PM,nan,full_schedule,,,
2043,10,Clemson,Miami,,,21,13,,,1,0,0,0,SCHEDULED,6:00 PM,nan,full_schedule,,,
2043,10,Washington,Ohio State,,,,15,,,1,0,0,0,SCHEDULED,6:00 PM,nan,full_schedule,,,
2043,10,Temple,UTSA,,,,,,,1,0,0,0,SCHEDULED,6:45 PM,nan,full_schedule,,,
2043,10,Syracuse,Boston College,,,,,,,1,0,0,0,SCHEDULED,6:45 PM,nan,full_schedule,,,
2043,10,Iowa State,Ohio,,,,,,,1,0,0,0,SCHEDULED,7:00 PM,nan,full_schedule,,,
2043,10,Oklahoma,Texas A&M,,,,11,,,1,0,0,0,SCHEDULED,7:00 PM,nan,full_schedule,,,
2043,10,Notre Dame,Texas Tech,,,6,2,,Noah,1,0,0,0,SCHEDULED,7:00 PM,nan,full_schedule,,,
2043,10,Rice,Old Dominion,,,,,,,1,0,0,0,SCHEDULED,7:30 PM,nan,full_schedule,,,
2043,10,Wisconsin,San Jose State,,,,18,,Mike,1,0,0,0,SCHEDULED,8:00 PM,nan,full_schedule,,,
2043,10,Panama City,Arizona,,,24,,,,1,0,0,0,SCHEDULED,9:00 PM,nan,full_schedule,,,
2043,10,Fresno State,Washington State,,,,,,,1,0,0,0,SCHEDULED,10:00 PM,nan,full_schedule,,,
2043,10,Arizona State,Colorado,,,,,,,1,0,0,0,SCHEDULED,10:00 PM,nan,full_schedule,,,
2043,10,Mississippi State,Utah State,,,,,,,1,0,0,0,SCHEDULED,10:00 PM,nan,full_schedule,,,
2043,10,North Texas,UCLA,,,,,,,1,0,0,0,SCHEDULED,10:30 PM,nan,full_schedule,,,
2043,11,Illinois,Purdue,,,,,,,1,0,0,0,SCHEDULED,7:00 PM,nan,full_schedule,,,
2043,11,Fresno State,Boise State,,,,,,,1,0,0,0,SCHEDULED,9:00 PM,nan,full_schedule,,,
2043,11,Gate City,Arizona State,,,,,,,1,0,0,0,SCHEDULED,11:00 PM,nan,full_schedule,,,
2043,11,UConn,LSU,,,,,,,1,0,0,0,SCHEDULED,12:00 PM,nan,full_schedule,,,
2043,11,Texas,Missouri,,,9,,,,1,0,0,0,SCHEDULED,12:00 PM,nan,full_schedule,,,
2043,11,Memphis,Virginia,,,,,,,1,0,0,0,SCHEDULED,12:00 PM,nan,full_schedule,,,
2043,11,San Diego State,Rutgers,,,,,,,1,0,0,0,SCHEDULED,12:00 PM,nan,full_schedule,,,
2043,11,UL Monroe,Coastal Carolina,,,,,,,1,0,0,0,SCHEDULED,12:00 PM,nan,full_schedule,,,
2043,11,Ball State,West Virginia,,,,,,,1,0,0,0,SCHEDULED,12:30 PM,nan,full_schedule,,,
2043,11,UTSA,North Texas,,,,,,,1,0,0,0,SCHEDULED,12:30 PM,nan,full_schedule,,,
2043,11,Eastern Michigan,Ohio,,,,,,,1,0,0,0,SCHEDULED,12:30 PM,nan,full_schedule,,,
2043,11,Utah State,Missouri State,,,,,,,1,0,0,0,SCHEDULED,12:30 PM,nan,full_schedule,,,
2043,11,Oklahoma,Kentucky,,,,,,,1,0,0,0,SCHEDULED,1:00 PM,nan,full_schedule,,,
2043,11,Florida International,Louisiana Tech,,,,,,,1,0,0,0,SCHEDULED,1:00 PM,nan,full_schedule,,,
2043,11,Georgia,Auburn,,,25,,,,1,0,0,0,SCHEDULED,1:30 PM,nan,full_schedule,,,
2043,11,BYU,Hammond,,,20,3,,,1,0,0,0,SCHEDULED,1:30 PM,nan,full_schedule,,,
2043,11,Vanderbilt,Boston College,,,,,,,1,0,0,0,SCHEDULED,2:00 PM,nan,full_schedule,,,
2043,11,Delaware,Kennesaw State,,,,,,,1,0,0,0,SCHEDULED,2:00 PM,nan,full_schedule,,,
2043,11,Ole Miss,Texas A&M,,,16,11,,,1,0,0,0,SCHEDULED,2:00 PM,nan,full_schedule,,,
2043,11,UTEP,Middle Tennessee,,,,,,,1,0,0,0,SCHEDULED,2:15 PM,nan,full_schedule,,,
2043,11,New Mexico State,Liberty,,,,,,,1,0,0,0,SCHEDULED,2:15 PM,nan,full_schedule,,,
2043,11,Virginia Tech,SMU,,,,,,,1,0,0,0,SCHEDULED,2:30 PM,nan,full_schedule,,,
2043,11,Kent State,Old Dominion,,,,,,,1,0,0,0,SCHEDULED,3:00 PM,nan,full_schedule,,,
2043,11,Southern Mississippi,Marshall,,,,,,,1,0,0,0,SCHEDULED,3:00 PM,nan,full_schedule,,,
2043,11,Baylor,TCU,,,23,,,,1,0,0,0,SCHEDULED,3:00 PM,nan,full_schedule,,,
2043,11,Mississippi State,Houston,,,,,,,1,0,0,0,SCHEDULED,3:00 PM,nan,full_schedule,,,
2043,11,Northwestern,Texas State,,,,,,,1,0,0,0,SCHEDULED,3:15 PM,nan,full_schedule,,,
2043,11,Florida,Wisconsin,,,12,,Doug,,1,0,0,0,SCHEDULED,3:15 PM,nan,full_schedule,,,
2043,11,Michigan,Michigan State,,,,,,,1,0,0,0,SCHEDULED,3:30 PM,nan,full_schedule,,,
2043,11,East Carolina,Washington State,,,,,,,1,0,0,0,SCHEDULED,3:30 PM,nan,full_schedule,,,
2043,11,Temple,Rice,,,,,,,1,0,0,0,SCHEDULED,3:30 PM,nan,full_schedule,,,
2043,11,Stanford,Georgia Tech,,,,17,,,1,0,0,0,SCHEDULED,3:30 PM,nan,full_schedule,,,
2043,11,Texas Tech,Minnesota,,,2,,Noah,,1,0,0,0,SCHEDULED,3:30 PM,nan,full_schedule,,,
2043,11,USF,Alabama,,,10,19,Josh,,1,0,0,0,SCHEDULED,4:00 PM,nan,full_schedule,,,
2043,11,Georgia State,Appalachian State,,,,,,,1,0,0,0,SCHEDULED,4:00 PM,nan,full_schedule,,,
2043,11,Sam Houston,Jacksonville State,,,,,,,1,0,0,0,SCHEDULED,4:00 PM,nan,full_schedule,,,
2043,11,Colorado,Cincinnati,,,,,,,1,0,0,0,SCHEDULED,5:00 PM,nan,full_schedule,,,
2043,11,Western Michigan,Akron,,,,,,,1,0,0,0,SCHEDULED,5:00 PM,nan,full_schedule,,,
2043,11,Death Valley,Oklahoma State,,,8,,,,1,0,0,0,SCHEDULED,5:00 PM,nan,full_schedule,,,
2043,11,NC State,Syracuse,,,22,,,,1,0,0,0,SCHEDULED,5:00 PM,nan,full_schedule,,,
2043,11,Army,Tulane,,,,,,,1,0,0,0,SCHEDULED,5:45 PM,nan,full_schedule,,,
2043,11,UNLV,Air Force,,,,,,,1,0,0,0,SCHEDULED,5:45 PM,nan,full_schedule,,,
2043,11,Miami University,Toledo,,,,,,,1,0,0,0,SCHEDULED,5:45 PM,nan,full_schedule,,,
2043,11,Louisiana,Oregon State,,,,,,,1,0,0,0,SCHEDULED,6:00 PM,nan,full_schedule,,,
2043,11,Ohio State,Maryland,,,15,,,,1,0,0,0,SCHEDULED,6:00 PM,nan,full_schedule,,,
2043,11,Florida State,Bowling Green,,,5,1,Nick,Devin,1,0,0,0,SCHEDULED,6:00 PM,nan,full_schedule,,,
2043,11,South Carolina,Tennessee,,,,,,,1,0,0,0,SCHEDULED,6:00 PM,nan,full_schedule,,,
2043,11,Georgia Southern,James Madison,,,,,,,1,0,0,0,SCHEDULED,6:45 PM,nan,full_schedule,,,
2043,11,Wake Forest,Arizona,,,,,,,1,0,0,0,SCHEDULED,7:00 PM,nan,full_schedule,,,
2043,11,USC,Nebraska,,,,4,,,1,0,0,0,SCHEDULED,7:00 PM,nan,full_schedule,,,
2043,11,UCF,Miami,,,,13,,,1,0,0,0,SCHEDULED,7:00 PM,nan,full_schedule,,,
2043,11,Clemson,Arkansas,,,21,,,,1,0,0,0,SCHEDULED,7:30 PM,nan,full_schedule,,,
2043,11,North Carolina,Louisville,,,,,,,1,0,0,0,SCHEDULED,7:30 PM,nan,full_schedule,,,
2043,11,Charlotte,UCLA,,,,,,,1,0,0,0,SCHEDULED,8:00 PM,nan,full_schedule,,,
2043,11,Kansas,Panama City,,,,24,,,1,0,0,0,SCHEDULED,8:00 PM,nan,full_schedule,,,
2043,11,Alabaster,Utah,,,,,,,1,0,0,0,SCHEDULED,8:00 PM,nan,full_schedule,,,
2043,11,Colorado State,Hawai'i,,,,,,,1,0,0,0,SCHEDULED,8:00 PM,nan,full_schedule,,,
2043,11,Troy,Arkansas State,,,,,,,1,0,0,0,SCHEDULED,9:00 PM,nan,full_schedule,,,
2043,11,Penn State,Oregon,,,,14,,,1,0,0,0,SCHEDULED,10:15 PM,nan,full_schedule,,,
2043,12,Indiana,Illinois,,,,,,,1,0,0,0,SCHEDULED,9:00 PM,nan,full_schedule,,,
2043,12,San Jose State,Penn State,,,18,,Mike,,1,0,0,0,SCHEDULED,12:00 PM,nan,full_schedule,,,
2043,12,Kent State,West Virginia,,,,,,,1,0,0,0,SCHEDULED,12:00 PM,nan,full_schedule,,,
2043,12,Georgia State,Southern Mississippi,,,,,,,1,0,0,0,SCHEDULED,12:00 PM,nan,full_schedule,,,
2043,12,Wisconsin,Michigan,,,,,,,1,0,0,0,SCHEDULED,12:00 PM,nan,full_schedule,,,
2043,12,Arizona State,Kansas State,,,,,,,1,0,0,0,SCHEDULED,12:00 PM,nan,full_schedule,,,
2043,12,Iowa State,Rutgers,,,,,,,1,0,0,0,SCHEDULED,12:30 PM,nan,full_schedule,,,
2043,12,Alabaster,Hammond,,,,3,,,1,0,0,0,SCHEDULED,12:30 PM,nan,full_schedule,,,
2043,12,Rapid City,Ohio State,,,7,15,,,1,0,0,0,SCHEDULED,12:30 PM,nan,full_schedule,,,
2043,12,Cincinnati,Mississippi State,,,,,,,1,0,0,0,SCHEDULED,12:30 PM,nan,full_schedule,,,
2043,12,Utah,Colorado,,,,,,,1,0,0,0,SCHEDULED,1:00 PM,nan,full_schedule,,,
2043,12,Oregon State,Florida International,,,,,,,1,0,0,0,SCHEDULED,1:00 PM,nan,full_schedule,,,
2043,12,Charlotte,Rice,,,,,,,1,0,0,0,SCHEDULED,1:00 PM,nan,full_schedule,,,
2043,12,James Madison,Pittsburgh,,,,,,,1,0,0,0,SCHEDULED,1:00 PM,nan,full_schedule,,,
2043,12,Syracuse,Georgia Tech,,,,17,,,1,0,0,0,SCHEDULED,1:00 PM,nan,full_schedule,,,
2043,12,Minnesota,Purdue,,,,,,,1,0,0,0,SCHEDULED,1:30 PM,nan,full_schedule,,,
2043,12,South Alabama,Troy,,,,,,,1,0,0,0,SCHEDULED,1:30 PM,nan,full_schedule,,,
2043,12,Ohio,Ball State,,,,,,,1,0,0,0,SCHEDULED,1:30 PM,nan,full_schedule,,,
2043,12,Vanderbilt,Clemson,,,,21,,,1,0,0,0,SCHEDULED,2:00 PM,nan,full_schedule,,,
2043,12,Tulane,East Carolina,,,,,,,1,0,0,0,SCHEDULED,2:00 PM,nan,full_schedule,,,
2043,12,Western Michigan,Eastern Michigan,,,,,,,1,0,0,0,SCHEDULED,2:15 PM,nan,full_schedule,,,
2043,12,Marshall,Arkansas State,,,,,,,1,0,0,0,SCHEDULED,2:15 PM,nan,full_schedule,,,
2043,12,Missouri State,Kennesaw State,,,,,,,1,0,0,0,SCHEDULED,2:15 PM,nan,full_schedule,,,
2043,12,Western Kentucky,Liberty,,,,,,,1,0,0,0,SCHEDULED,2:15 PM,nan,full_schedule,,,
2043,12,Tulsa,Navy,,,,,,,1,0,0,0,SCHEDULED,2:30 PM,nan,full_schedule,,,
2043,12,California,Stanford,,,,,,,1,0,0,0,SCHEDULED,3:00 PM,nan,full_schedule,,,
2043,12,Michigan State,Oklahoma State,,,,,,,1,0,0,0,SCHEDULED,3:00 PM,nan,full_schedule,,,
2043,12,UTSA,Army,,,,,,,1,0,0,0,SCHEDULED,3:00 PM,nan,full_schedule,,,
2043,12,Appalachian State,UL Monroe,,,,,,,1,0,0,0,SCHEDULED,3:15 PM,nan,full_schedule,,,
2043,12,Wyoming,Georgia,,,,25,,,1,0,0,0,SCHEDULED,3:15 PM,nan,full_schedule,,,
2043,12,USF,Florida State,,,10,5,Josh,Nick,1,0,0,0,SCHEDULED,3:15 PM,nan,full_schedule,,,
2043,12,Northwestern,Louisiana,,,,,,,1,0,0,0,SCHEDULED,3:15 PM,nan,full_schedule,,,
2043,12,Kentucky,Texas,,,,9,,,1,0,0,0,SCHEDULED,3:30 PM,nan,full_schedule,,,
2043,12,Arkansas,Miami,,,,13,,,1,0,0,0,SCHEDULED,3:30 PM,nan,full_schedule,,,
2043,12,Louisiana Tech,New Mexico State,,,,,,,1,0,0,0,SCHEDULED,3:30 PM,nan,full_schedule,,,
2043,12,Bowling Green,Alabama,,,1,19,Devin,,1,0,0,0,SCHEDULED,4:00 PM,nan,full_schedule,,,
2043,12,Louisville,UCF,,,,,,,1,0,0,0,SCHEDULED,4:00 PM,nan,full_schedule,,,
2043,12,Miami University,UMass,,,,,,,1,0,0,0,SCHEDULED,4:00 PM,nan,full_schedule,,,
2043,12,Texas Tech,Florida,,,2,12,Noah,Doug,1,0,0,0,SCHEDULED,5:00 PM,nan,full_schedule,,,
2043,12,South Carolina,Texas A&M,,,,11,,,1,0,0,0,SCHEDULED,5:00 PM,nan,full_schedule,,,
2043,12,NC State,Virginia Tech,,,22,,,,1,0,0,0,SCHEDULED,5:00 PM,nan,full_schedule,,,
2043,12,UConn,Oklahoma,,,,,,,1,0,0,0,SCHEDULED,5:00 PM,nan,full_schedule,,,
2043,12,Death Valley,Kansas,,,8,,,,1,0,0,0,SCHEDULED,5:45 PM,nan,full_schedule,,,
2043,12,Boise State,Hawai'i,,,,,,,1,0,0,0,SCHEDULED,5:45 PM,nan,full_schedule,,,
2043,12,Duke,North Carolina,,,,,,,1,0,0,0,SCHEDULED,5:45 PM,nan,full_schedule,,,
2043,12,Utah State,San Diego State,,,,,,,1,0,0,0,SCHEDULED,6:00 PM,nan,full_schedule,,,
2043,12,Tennessee,LSU,,,,,,,1,0,0,0,SCHEDULED,6:00 PM,nan,full_schedule,,,
2043,12,Old Dominion,Toledo,,,,,,,1,0,0,0,SCHEDULED,6:00 PM,nan,full_schedule,,,
2043,12,Jacksonville State,UTEP,,,,,,,1,0,0,0,SCHEDULED,6:45 PM,nan,full_schedule,,,
2043,12,Middle Tennessee,Notre Dame,,,,6,,,1,0,0,0,SCHEDULED,7:00 PM,nan,full_schedule,,,
2043,12,USC,Maryland,,,,,,,1,0,0,0,SCHEDULED,7:00 PM,nan,full_schedule,,,
2043,12,Wake Forest,Virginia,,,,,,,1,0,0,0,SCHEDULED,7:00 PM,nan,full_schedule,,,
2043,12,Arizona,TCU,,,,,,,1,0,0,0,SCHEDULED,7:00 PM,nan,full_schedule,,,
2043,12,UNLV,Colorado State,,,,,,,1,0,0,0,SCHEDULED,7:30 PM,nan,full_schedule,,,
2043,12,Texas State,Georgia Southern,,,,,,,1,0,0,0,SCHEDULED,7:30 PM,nan,full_schedule,,,
2043,12,Air Force,Fresno State,,,,,,,1,0,0,0,SCHEDULED,7:30 PM,nan,full_schedule,,,
2043,12,UCLA,Temple,,,,,,,1,0,0,0,SCHEDULED,7:30 PM,nan,full_schedule,,,
2043,12,Washington State,SMU,,,,,,,1,0,0,0,SCHEDULED,8:00 PM,nan,full_schedule,,,
2043,12,Missouri,Ole Miss,,,,16,,,1,0,0,0,SCHEDULED,8:00 PM,nan,full_schedule,,,
2043,12,Central Michigan,Baylor,,,,23,,,1,0,0,0,SCHEDULED,8:00 PM,nan,full_schedule,,,
2043,12,Gate City,Houston,,,,,,,1,0,0,0,SCHEDULED,8:00 PM,nan,full_schedule,,,
2043,12,Delaware,BYU,,,,20,,,1,0,0,0,SCHEDULED,8:00 PM,nan,full_schedule,,,
2043,12,Oregon,Washington,,,14,,,,1,0,0,0,SCHEDULED,8:00 PM,nan,full_schedule,,,
2043,13,Ole Miss,Mississippi State,,,16,,,,1,0,0,0,SCHEDULED,3:30 PM,nan,full_schedule,,,
2043,13,Memphis,East Carolina,,,,,,,1,0,0,0,SCHEDULED,7:30 PM,nan,full_schedule,,,
2043,13,San Jose State,Texas Tech,,,18,2,Mike,Noah,1,0,0,0,SCHEDULED,8:00 PM,nan,full_schedule,,,
2043,13,Eastern Michigan,Central Michigan,,,,,,,1,0,0,0,SCHEDULED,8:00 PM,nan,full_schedule,,,
2043,13,Temple,Western Michigan,,,,,,,1,0,0,0,SCHEDULED,12:00 PM,nan,full_schedule,,,
2043,13,Virginia Tech,Virginia,,,,,,,1,0,0,0,SCHEDULED,12:00 PM,nan,full_schedule,,,
2043,13,Georgia,Georgia Tech,,,25,17,,,1,0,0,0,SCHEDULED,12:00 PM,nan,full_schedule,,,
2043,13,Ohio State,Michigan,,,15,,,,1,0,0,0,SCHEDULED,12:00 PM,nan,full_schedule,,,
2043,13,Northwestern,Illinois,,,,,,,1,0,0,0,SCHEDULED,12:00 PM,nan,full_schedule,,,
2043,13,Nebraska,Iowa,,,4,,,,1,0,0,0,SCHEDULED,12:00 PM,nan,full_schedule,,,
2043,13,North Carolina,NC State,,,,22,,,1,0,0,0,SCHEDULED,12:30 PM,nan,full_schedule,,,
2043,13,Vanderbilt,Tennessee,,,,,,,1,0,0,0,SCHEDULED,12:30 PM,nan,full_schedule,,,
2043,13,Texas,Texas A&M,,,9,11,,,1,0,0,0,SCHEDULED,12:30 PM,nan,full_schedule,,,
2043,13,Old Dominion,West Virginia,,,,,,,1,0,0,0,SCHEDULED,1:00 PM,nan,full_schedule,,,
2043,13,Tulsa,Rice,,,,,,,1,0,0,0,SCHEDULED,1:30 PM,nan,full_schedule,,,
2043,13,Missouri,Arkansas,,,,,,,1,0,0,0,SCHEDULED,1:30 PM,nan,full_schedule,,,
2043,13,Georgia Southern,Appalachian State,,,,,,,1,0,0,0,SCHEDULED,1:30 PM,nan,full_schedule,,,
2043,13,UMass,Iowa State,,,,,,,1,0,0,0,SCHEDULED,2:00 PM,nan,full_schedule,,,
2043,13,Wake Forest,Navy,,,,,,,1,0,0,0,SCHEDULED,2:00 PM,nan,full_schedule,,,
2043,13,Jacksonville State,Louisiana Tech,,,,,,,1,0,0,0,SCHEDULED,2:00 PM,nan,full_schedule,,,
2043,13,Kent State,Ball State,,,,,,,1,0,0,0,SCHEDULED,2:15 PM,nan,full_schedule,,,
2043,13,Florida International,UConn,,,,,,,1,0,0,0,SCHEDULED,2:15 PM,nan,full_schedule,,,
2043,13,Oklahoma,Wyoming,,,,,,,1,0,0,0,SCHEDULED,2:15 PM,nan,full_schedule,,,
2043,13,Alabaster,Gate City,,,,,,,1,0,0,0,SCHEDULED,2:15 PM,nan,full_schedule,,,
2043,13,Georgia State,Coastal Carolina,,,,,,,1,0,0,0,SCHEDULED,2:15 PM,nan,full_schedule,,,
2043,13,James Madison,South Alabama,,,,,,,1,0,0,0,SCHEDULED,2:15 PM,nan,full_schedule,,,
2043,13,Louisville,Kentucky,,,,,,,1,0,0,0,SCHEDULED,3:00 PM,nan,full_schedule,,,
2043,13,Bowling Green,USF,,,1,10,Devin,Josh,1,0,0,0,SCHEDULED,3:00 PM,nan,full_schedule,,,
2043,13,Kennesaw State,Western Kentucky,,,,,,,1,0,0,0,SCHEDULED,3:00 PM,nan,full_schedule,,,
2043,13,Louisiana,Marshall,,,,,,,1,0,0,0,SCHEDULED,3:15 PM,nan,full_schedule,,,
2043,13,Cincinnati,Colorado State,,,,,,,1,0,0,0,SCHEDULED,3:15 PM,nan,full_schedule,,,
2043,13,Hawai'i,San Diego State,,,,,,,1,0,0,0,SCHEDULED,3:15 PM,nan,full_schedule,,,
2043,13,Delaware,New Mexico State,,,,,,,1,0,0,0,SCHEDULED,3:15 PM,nan,full_schedule,,,
2043,13,Baylor,Rapid City,,,23,7,,,1,0,0,0,SCHEDULED,3:30 PM,nan,full_schedule,,,
2043,13,LSU,Penn State,,,,,,,1,0,0,0,SCHEDULED,3:30 PM,nan,full_schedule,,,
2043,13,Boston College,Pittsburgh,,,,,,,1,0,0,0,SCHEDULED,3:30 PM,nan,full_schedule,,,
2043,13,UNLV,Death Valley,,,,8,,,1,0,0,0,SCHEDULED,3:30 PM,nan,full_schedule,,,
2043,13,Army,Charlotte,,,,,,,1,0,0,0,SCHEDULED,4:00 PM,nan,full_schedule,,,
2043,13,Maryland,Ohio,,,,,,,1,0,0,0,SCHEDULED,4:00 PM,nan,full_schedule,,,
2043,13,California,SMU,,,,,,,1,0,0,0,SCHEDULED,5:00 PM,nan,full_schedule,,,
2043,13,Washington,Michigan State,,,,,,,1,0,0,0,SCHEDULED,5:45 PM,nan,full_schedule,,,
2043,13,Southern Mississippi,Troy,,,,,,,1,0,0,0,SCHEDULED,5:45 PM,nan,full_schedule,,,
2043,13,Oregon State,Washington State,,,,,,,1,0,0,0,SCHEDULED,5:45 PM,nan,full_schedule,,,
2043,13,Oklahoma State,Colorado,,,,,,,1,0,0,0,SCHEDULED,6:00 PM,nan,full_schedule,,,
2043,13,Miami,Akron,,,,,,,1,0,0,0,SCHEDULED,6:00 PM,nan,full_schedule,,,
2043,13,Miami,Duke,,,13,,,,1,0,0,0,SCHEDULED,6:45 PM,nan,full_schedule,,,
2043,13,Kansas State,UTSA,,,,,,,1,0,0,0,SCHEDULED,6:45 PM,nan,full_schedule,,,
2043,13,UTEP,Texas State,,,,,,,1,0,0,0,SCHEDULED,6:45 PM,nan,full_schedule,,,
2043,13,Oregon,Minnesota,,,14,,,,1,0,0,0,SCHEDULED,7:00 PM,nan,full_schedule,,,
2043,13,TCU,Panama City,,,,24,,,1,0,0,0,SCHEDULED,7:00 PM,nan,full_schedule,,,
2043,13,Notre Dame,Stanford,,,6,,,,1,0,0,0,SCHEDULED,7:00 PM,nan,full_schedule,,,
2043,13,Middle Tennessee,Missouri State,,,,,,,1,0,0,0,SCHEDULED,7:30 PM,nan,full_schedule,,,
2043,13,Alabama,Auburn,,,19,,,,1,0,0,0,SCHEDULED,8:00 PM,nan,full_schedule,,,
2043,13,UCLA,USC,,,,,,,1,0,0,0,SCHEDULED,8:00 PM,nan,full_schedule,,,
2043,13,Boise State,Utah State,,,,,,,1,0,0,0,SCHEDULED,8:00 PM,nan,full_schedule,,,
2043,13,Clemson,South Carolina,,,21,,,,1,0,0,0,SCHEDULED,8:30 PM,nan,full_schedule,,,
2043,13,Purdue,Indiana,,,,,,,1,0,0,0,SCHEDULED,8:30 PM,nan,full_schedule,,,
2043,13,Tulane,North Texas,,,,,,,1,0,0,0,SCHEDULED,9:00 PM,nan,full_schedule,,,
2043,13,Liberty,Sam Houston,,,,,,,1,0,0,0,SCHEDULED,9:00 PM,nan,full_schedule,,,
2043,13,Florida State,Florida,,,5,12,Nick,Doug,1,0,0,0,SCHEDULED,9:00 PM,nan,full_schedule,,,
2043,13,Houston,Air Force,,,,,,,1,0,0,0,SCHEDULED,10:00 PM,nan,full_schedule,,,
2043,13,Arizona,Arizona State,,,,,,,1,0,0,0,SCHEDULED,10:00 PM,nan,full_schedule,,,
2043,13,Rutgers,Fresno State,,,,,,,1,0,0,0,SCHEDULED,10:00 PM,nan,full_schedule,,,
2043,13,Utah,BYU,,,,20,,,1,0,0,0,SCHEDULED,10:00 PM,nan,full_schedule,,,
2043,14,Army,Navy,,,,,,,1,0,0,0,SCHEDULED,3:00 PM,nan,full_schedule,,,
,,,,,,,,,,,,,,SCHEDULED,nan,nan,,,,
